제목,저자,유형,내용
폴 B. 프레시아도 지음;문경자 옮김,문학동네,종이책,
호프 자런 지음;허진 옮김,김영사,종이책,
마이클 이스터 지음;김원진 옮김,수오서재,종이책,
"김난도,전미영,최지혜,권정윤,한다혜,이혜원,이수진,서유현,전다현,이준영,이향은,김나은 지음",미래의창,종이책,
우치다테 마키코 지음;이지수 옮김,서교책방,종이책,
"배성호,주수원 글",철수와미애,종이책,
료 지음,열림원,종이책,
멜 로빈스;소이어 로빈스 지음;윤효원 옮김,비즈니스북스,종이책,
이승훈 지음,21세기북스,종이책,
이꽃님 지음,우리학교,종이책,
히가시노 게이고 지음;김선영 옮김,북다,종이책,
네버레스홀리다 글;얼레지 그림,도트북,종이책,
앵거스 하일랜드;켄드라 윌슨 지음;안진이 옮김,푸른숲,종이책,
최재천 지음,샘터,종이책,
추동훈 지음,매일경제신문사,종이책,
조성관 지음;김은지 일러스트,자유의길,종이책,
김옥숙 지음,도토리숲,종이책,
홀리 진 벅 지음;최영석 옮김,앨피,종이책,
"김사라,김소영,김진성,김한나,김사무엘 지음;김사라,박선하 일러스트",RHK(알에이치코리아),종이책,
청예 지음,창비,종이책,
장금 지음,북피움,종이책,
근하 지음,여섯번째봄,종이책,
최재희 지음;임은영 일러스트,북트리거,종이책,
신보라 지음,＆(앤드),종이책,
김지현 지음,다산책방,종이책,
김나영 지음,곰곰,종이책,
김경태 지음,곰곰,종이책,
이원율 지음,빅피시,종이책,
박재용 지음;란탄 그림,북트리거,종이책,
김주완 지음,내일을여는책,종이책,
김선미 지음,다산책방,종이책,
오하림 글,문학동네,종이책,
김혜정 지음,미래인,종이책,
김성신 지음,유유,종이책,
하서찬 글;박선엽 그림,웅진주니어,종이책,
류충민 지음,플루토,종이책,
후안 호세 미야스;후안 루이스 아르수아가 지음;남진희 옮김,틈새책방,종이책,
권희린 지음,생각학교,종이책,
이병준 지음,피톤치드,종이책,
콱쌤 지음,푸른들녘,종이책,
문부일 글;신병근 그림,마음이음,종이책,
장수철 지음,바틀비,종이책,
전자윤 글,우주나무,종이책,
하시시박 지음,마음산책,종이책,
이경혜 지음,바람의아이들,종이책,
박성환 지음,팬덤북스,종이책,
움베르토 갈림베르티;루카 모리 지음;김현주 옮김,풀빛,종이책,
김충원 글·그림,진선books,종이책,
이영경 글,보리,종이책,
김아영 지음,서해문집,종이책,
김동영 지음;이혜지 일러스트,인북,종이책,
"김소형,김현,민구,박소란,박준,서윤후,성다영,신미나,양안다,유계영,유병록,유희경,임경섭,임지은,전욱진,조온윤,최지은,최현우,한여진,황인찬 지음",창비교육,종이책,
"백재은,장일범 지음",그래도봄,종이책,
표명희 지음,창비,종이책,
최상희 지음,창비,종이책,
"김금희,장은진,김종광,서이제,임선우,황정은,천선란 지음;김선산,김형태,성보혜,이혜연 엮음",창비교육,종이책,
이원재 글,낮은산,종이책,
이민항 지음,다른,종이책,
최이랑 지음,미래인,종이책,
박건웅 지음,우리나비,종이책,
김금희 지음,한겨레출판,종이책,
이케가야 유지 지음;김현정 옮김,포레스트북스,종이책,
김아미 지음,창비,종이책,
다니엘 나예리 글;다니엘 미야레스 그림;원지인 옮김,보물창고,종이책,
서동찬 지음,자음과모음,종이책,
매슈 T. 휴버 지음;심태은 옮김,두번째테제,종이책,
이우진 글;김소희 그림,나무를심는사람들,종이책,
강언덕 지음,구름의시간,종이책,
송주영 지음,인물과사상사,종이책,
"조경아,정명섭,천지윤,최하나 지음",봄마중,종이책,
홍창성 지음,바이블랭크,종이책,
조너선 케네디 지음;조현욱 옮김,아카넷,종이책,
구자행 지음,양철북,종이책,
"남화정 지음;이지유,남화정 일러스트",clove(클로브),종이책,
지명근 지음,학교도서관저널,종이책,
수잔 와이즈 바우어 지음;김승진 옮김,윌북,종이책,
권미경 지음,쉬는시간,종이책,
알렉산더 하겔뤼켄 지음;이기숙 옮김,서해문집,종이책,
"한수옥,권선영 지음",뜨인돌,종이책,
"강소희,김주희,김지현,김희연,박수빈,오유경,윤선영,이두리,이은무,임병주,정화정,최보미 지음",길벗,종이책,
권재원 지음,북트리거,종이책,
이동희 지음,초봄책방,종이책,
문재옥 지음,풀빛,종이책,
정정혜 글·그림,자음과모음,종이책,
구은서 지음,에코리브르,종이책,
비둘기덮밥 지음,한빛비즈,종이책,
이와오 페이 지음;김윤수 옮김,라임,종이책,
김준태 지음,믹스커피,종이책,
임윤전 지음,J＆jj,종이책,
위소 글·그림,동치미,종이책,
잭 챌리너 지음;곽영직 옮김,지브레인,종이책,
"김필수 외 10명 지음,원호섭,김태희,오혜진,김상현,한세희,박진영,김청한,윤신영,김범용,이충환",동아엠앤비,종이책,
신나미 글,철수와영희,종이책,
"강국진,김승훈,한종수 지음",부키,종이책,
"강혜원,계환,강현수 지음;주노 그림",푸른숲주니어,종이책,
신정아 지음,아날로그,종이책,
박재용 지음,이상북스,종이책,
베르나르 베르베르 지음;김희진 옮김,열린책들,종이책,
베르나르 베르베르 지음;김희진 옮김,열린책들,종이책,
아오사키 유고 지음;김은모 옮김,Readbie(리드비),종이책,
성해나 지음,위즈덤하우스,종이책,
레베카 야로스 지음;이수현 옮김,북폴리오,종이책,
레베카 야로스 지음;이수현 옮김,북폴리오,종이책,
김효인 지음,안전가옥,종이책,
"김승태,김영인 지음;강민경 본문 일러스트",위북(WeBook),종이책,
최서영 지음,봄봄,종이책,
야마모토 다케히토 글;서수지 옮김,위즈덤하우스,종이책,
이해인 지음,필름,종이책,
타니아 로이드 치 지음;이계순 옮김,라임,종이책,
문현준 지음,이소노미아,종이책,
권수진 글·그림,풀빛,종이책,
박재용 지음,청어람미디어,종이책,
홍지이 지음,다반,종이책,
이동은 지음,다른,종이책,
김승주 지음,푸른들녘,종이책,
"김병수,강민서,권민서,김문선,민다영,홍순상 지음;임지이 그림",이유출판,종이책,
박민규 지음;김영혜 일러스트,빈빈冊방,종이책,
"신진상,공다경,박영중 지음",센시오,종이책,
오승현 글;도아마 그림,개암나무,종이책,
이아진 지음,체인지업,종이책,
"팀 페리스 지음;박선령,정지현 옮김",토네이도,종이책,
"배예람,클레이븐 지음",TXTY(텍스티),종이책,
찬호께이 지음;허유영 옮김,위즈덤하우스,종이책,
"김지연,이서아,함윤이 지음",문학과지성사,종이책,
치넨 미키토 지음;신유희 옮김,소담출판사,종이책,
다크 사이드 프로젝트 지음,ascending(어센딩),종이책,
구병모 지음,문학동네,종이책,
구병모 지음,문학동네,종이책,
구병모 지음,문학동네,종이책,
"묘엔 스구루,사사키 히나,마나코 지에미 지음;이지수 옮김",서교책방,종이책,
조예은 지음,문학동네,종이책,
김애란 지음,문학동네,종이책,
청예 지음,창비,종이책,
폴 핼번 지음;강성주 옮김,위즈덤하우스,종이책,
폴 핼번 지음;강성주 옮김,위즈덤하우스,종이책,
폴 핼번 지음;강성주 옮김,위즈덤하우스,종이책,
이윤지 지음,아이휴먼,종이책,
이윤지 지음,아이휴먼,종이책,
백설희 지음,들녘,종이책,
필로 편집부 편,매거진필로,종이책,
박미연 지음,자음과모음,종이책,
가와바타 야스나리 지음;정수윤 옮김,북다,종이책,
문경민 지음,우리학교,종이책,
김숨 지음,민음사,종이책,
김영석 지음,빅피시,종이책,
크리스 휘타커 지음;김해온 옮김,위즈덤하우스,종이책,
백수린 지음,문학과지성사,종이책,
이동민 지음,갈매나무,종이책,
폴 몰런드 지음;이재득 옮김,미래의창,종이책,
다카하시 신페이 지음;김경원 옮김,윌북,종이책,
이석우 지음,문예춘추사,종이책,
승지홍 지음,글담출판,종이책,
김용옥 지음,통나무,종이책,
덩 밍다오 지음;김희균 옮김,북플레저,종이책,
정보라 지음,래빗홀,종이책,
"다케무라 도모코,오야마구치 나쓰미,사카이 유키코 지음;김소영 옮김",미디어숲,종이책,
세가 쳉 지음;홍민경 옮김,더페이지,종이책,
이창섭 지음,21세기북스,종이책,
쓰카사 타쿠야 글;김슬기 옮김,시옷책방,종이책,
전승환 지음,북로망스,종이책,
이누준 지음;김진환 옮김,알토북스,종이책,
"최재천,팀최마존 글",더클래스,종이책,
이선 몰릭 지음;신동숙 옮김,상상스퀘어,종이책,
고바야시 히로유키 지음;이지현 옮김,더페이지,종이책,
모토무라 유키코 지음;김소영 옮김,미디어숲,종이책,
김영하 지음,복복서가,종이책,
이경규 지음,쌤앤파커스,종이책,
박용남 지음,더블북,종이책,
이윤지 지음,아이휴먼,종이책,
이윤지 지음,아이휴먼,종이책,
심은진 지음,아모르문디,종이책,
이지영 지음,이학사,종이책,
프로데 그뤼텐 지음;손화수 옮김,다산책방,종이책,
알베르 카뮈 지음;안건우 옮김,녹색광선,종이책,
이경규 지음,쌤앤파커스,종이책,
이선영 글 ;이효실 그림,아울북 ,종이책,
이선영 글 ;이효실 그림,아울북 ,종이책,
프로데 그뤼텐 지음 ;손화수 옮김,다산책방 ,종이책,
프로데 그뤼텐 지음 ;손화수 옮김,다산책방 ,종이책,
가브리엘 가르시아 마르케스 지음;송병선 옮김,민음사,종이책,
이주윤 지음,빅피시,종이책,
이주윤 지음,빅피시,종이책,
이주윤 지음,빅피시,종이책,
조예은 지음,현대문학,종이책,
"찰스 디킨스;윌키 콜린스;찰스 콜린스;해리엇 파;로버트 뷰캐넌;H. F. 촐리;아멜리아 B. 에드워즈 지음;홍수연,이현숙 옮김",B612북스,종이책,
이희영 지음,현대문학,종이책,
최태성 지음,프런트페이지,종이책,
최태성 지음,프런트페이지,종이책,
tvN 〈벌거벗은 세계사〉제작팀 지음,교보문고,종이책,
tvN <벌거벗은 세계사〉제작팀 지음,교보문고,종이책,
배문정 지음,한국외국어대학교 지식출판콘텐츠원,종이책,
추정경 지음,래빗홀,종이책,
기욤 뮈소 지음;양영란 옮김,밝은세상,종이책,
빌 프랑수아 지음;발랑틴 플레시 그림;이충호 옮김,해나무,종이책,
히가시노 게이고 저;민경욱 옮김,소미미디어,종이책,
마릴린 폴 지음;김태훈 옮김,북플레저,종이책,
최수일 지음,비아북,종이책,
센님 지음,길벗이지톡,종이책,
썬킴 지음,블랙피쉬,종이책,
박정재 지음,21세기북스,종이책,
채사장 지음,whale books(웨일북),종이책,
박완서 지음,세계사,종이책,
손인서 지음,돌베개,종이책,
최은창 지음;안재경 사진,노르웨이숲,종이책,
브라이언 페이지 지음;김정혜 옮김,서삼독,종이책,
스콧 영 지음;정지현 옮김,비즈니스북스,종이책,
김익한 지음,21세기북스,종이책,
알리 압달 지음;김고명 옮김,위즈덤하우스,종이책,
팀 콜슨 지음;이진구 옮김,오픈도어북스,종이책,
김태수 지음,어크로스,종이책,
로버트 러프킨 지음;유영훈 옮김,정말중요한,종이책,
이시한 지음,RHK(알에이치코리아),종이책,
정해은 외 45인 지음,푸른역사,종이책,
연수남 지음,다산에듀,종이책,
바르바라 블라이슈 지음;박제헌 옮김,웅진지식하우스,종이책,
조연호 지음,센시오,종이책,
전예지 지음,바즈,종이책,
요한 크라네스 지음;이상희 옮김,추수밭,종이책,
"김호연,양홍석,우석영,이권우,이상욱,이정모,송상용,장익준,황임경 지음",지노,종이책,
이승욱 지음,생각학교,종이책,
곤도 후미에 저;남소현 옮김,Book Plaza(북플라자),종이책,
초명 지음,멀리깊이,종이책,
루하서 지음,델피노,종이책,
김주환 지음,제이알매니지먼트,종이책,
다와다 요코 지음;유라주 옮김,민음사,종이책,
마이클 루이스 지음;공민희 옮김,다섯수레,종이책,
"이재석,정헌경 [공]지음",이화북스,종이책,
염혜진 지음,더블엔,종이책,
도진기 지음,추수밭,종이책,
노을커피 지음,북라이프,종이책,
박광우 지음,흐름출판,종이책,
케이크 팀 엮음,케이크,종이책,
애니 짐머만 지음;민지현 옮김,더퀘스트,종이책,
김현 지음,심심,종이책,
 에디스 시로 지음;이성민 옮김,히포크라테스,종이책,
정혜민 지음,메가스터디books,종이책,
박현숙 지음,특별한서재,종이책,
나태주 지음,위더북,종이책,
정우철 지음,Page2(페이지2북스),종이책,
김재경 지음,동아시아,종이책,
성수영 지음,한경arte,종이책,
김현수 지음,다산초당,종이책,
엔도 마사시 지음;최미숙 옮김,로그인,종이책,
이진민 지음,한겨레출판,종이책,
"슈테판 츠바이크 지음;클라우스 그레브너,폴커 미헬스 엮음;배명자 옮김",다산초당,종이책,
애나 렘키 지음;고빛샘 옮김,흐름출판,종이책,
"김난도,전미영,최지혜,권정윤,한다혜,이혜원,이준영,이향은,추예린,전다현 지음",미래의창,종이책,
데이비드 이글먼 지음;김승욱 옮김,RHK(알에이치코리아),종이책,
일홍 지음,부크럼,종이책,
안-엘렌 클레르;뱅상 트리부 지음;구영옥 옮김,상상스퀘어,종이책,
브라이언 트레이시 지음;정지현 옮김,현대지성,종이책,
태수 글,page2(페이지2북스),종이책,
이주윤 지음,빅피시,종이책,
김미조 지음,다른,종이책,
박우성 지음,아모르문디,종이책,
김성태 지음,불란서책방,종이책,
tvNstory 〈벌거벗은 한국사〉 제작팀 지음,프런트페이지,종이책,
tvNstory 〈벌거벗은 한국사〉 제작팀 지음,프런트페이지,종이책,
tvNstory 〈벌거벗은 한국사〉 제작팀 지음,프런트페이지,종이책,
비가 지음,러프미디어,종이책,
비가 지음,러프미디어,종이책,
비가 지음,러프미디어,종이책,
비가 지음,러프미디어,종이책,
비가 지음,러프미디어,종이책,
코이케 류노스케 지음;박재현 옮김,포레스트북스,종이책,
스티븐 레비츠키;대니얼 지블랫 지음;박세연 옮김,어크로스,종이책,
로베르토 에스포지토 지음;윤병언 옮김,크리티카,종이책,
저우무쯔 지음;박영란 옮김,더페이지,종이책,
"제임스 알렌 지음;하와이 대저택 엮음;송은선,함희영 옮김",포레스트북스,종이책,
김전성 지음,바른북스,종이책,
신서현 글;엄주 그림,풀빛,종이책,
하야시 겐타로 지음;민혜진 옮김,포텐업,종이책,
정해연 지음,자음과모음,종이책,
"김난도,전미영,최지혜,권정윤,한다혜,이혜원,이준영,이향은,추예린,전다현 지음",미래의창,종이책,
요시타니 고로 지음;정지영 옮김,시옷책방,종이책,
로버트 그랜트 글;강나은 옮김,비룡소,종이책,
마이클 핀클 지음;염지선 옮김,생각의힘,종이책,
김령아 지음,스마트비즈니스,종이책,
곽수진 저,언제나북스,종이책,
데이비드 B. 아구스 지음;허성심 옮김,현암사,종이책,
신정연 지음,디자인21,종이책,
마쓰바라 다카히코 지음;송경원 옮김,유노책주,종이책,
이창현 지음,애드앤미디어,종이책,
"이서윤,홍주연 지음",White Ocean(화이트오션),종이책,
한정영 지음,다른,종이책,
"김범준,김응빈,우주먼지,정영진 지음;김지원 그림",알파미디어,종이책,
차정은 지음,BOOKK(부크크),종이책,
김범준 지음;스튜디오 코스모스 본문 일러스트,이김,종이책,
"제이슨 르쿨락 지음;윌 슈텔레,두기 호너 그림;유소영 옮김",문학수첩,종이책,
"호소다 다카히로 지음;지소연,권희주 옮김",RHK(알에이치코리아),종이책,
"DK 세계사 편집위원회 지음;이경희,안종희 옮김",지식의날개,종이책,
신성출판사 편집부 지음;전경아 옮김,생각의집,종이책,
"강봉숙,김별아,김성희,김준철,김호연,문경수,서정민갑,원재훈,이동학,최삼경 지음",지노,종이책,
"권나리,김승연,맹수용,박지숙,송치중,이은홍,조정은,최운,허두영 지음",푸른숲주니어,종이책,
이자크 디네센 지음;추미옥 옮김,문학동네,종이책,
앤 나폴리타노 지음;허진 옮김,복복서가,종이책,
줄리언 반스 지음;정영목 옮김,다산책방,종이책,
"이재환,이현규 지음",센시오,종이책,
배혜림 지음,데이스타,종이책,
정병진 지음,청어람미디어,종이책,
강이석 지음,북트리거,종이책,
이꽃님 지음,우리학교,종이책,
이토 히토무 지음;곽범신 옮김,시그마북스,종이책,
이종필 지음,센시오,종이책,
박광혁 지음,어바웃어북,종이책,
최성우 지음,지노,종이책,
김영하 지음,복복서가,종이책,
김탁환 글,남해의봄날,종이책,
김금희 지음,창비,종이책,
허준 지음,필름,종이책,
tvNstory 〈벌거벗은 한국사〉 제작팀 지음,프런트페이지,종이책,
tvNstory 〈벌거벗은 한국사〉 제작팀 지음,프런트페이지,종이책,
tvNstory 〈벌거벗은 한국사〉 제작팀 지음,프런트페이지,종이책,
"김명임,김민숙,김연숙,문경연,박지영,손유경,이희경,전미경,허보윤 지음",한겨레엔,종이책,
조형근 지음,한겨레출판,종이책,
장위안칭 지음;박지민 옮김,공명,종이책,
최태성 지음,프런트페이지,종이책,
"박정주,황동하,김재인 글;위수연 그림",그림씨,종이책,
"박정주,황동하,김재인 글;위수연 그림",그림씨,종이책,
글로리아쌤 지음,웅진지식하우스,종이책,
김창옥 지음,수오서재,종이책,
클레어 키건 지음;허진 옮김,다산책방,종이책,
최훈 지음,우리학교,종이책,
이남훈 지음,Page2(페이지2북스),종이책,
넬레 노이하우스 지음;김진아 옮김,북로드,종이책,
"장명숙,이경신 지음",김영사,종이책,
김훈 지음,나남,종이책,
츠지 히토나리 지음;김훈아 옮김,소담출판사,종이책,
공지영 지음,소담출판사,종이책,
이기주 지음,터닝페이지,종이책,
히가시노 게이고 지음;최고은 옮김,북다,종이책,
잠뜰TV 원작;김수경 글;루체 그림,서울문화사,종이책,
김애란 지음,문학동네,종이책,
갓주아 지음,Mons(몽스북),종이책,
이옥선 지음,이야기장수,종이책,
백희성 지음,북로망스,종이책,
이정모 지음,다산북스,종이책,
모건 하우절 지음;이수경 옮김,서삼독,종이책,
정유정 지음,은행나무,종이책,
고명환 지음,라곰,종이책,
헤르만 헤세 지음;유혜자 옮김,문예춘추사,종이책,
양정무 지음;김지희 지도·일러스트레이션,사회평론,종이책,
손봉기 지음,더블북,종이책,
김태진 지음,오아시스,종이책,
전광진 지음,속뜻사전교육출판사,종이책,
이광렬 지음,블랙피쉬,종이책,
에른스트 H. 곰브리치 글;클리퍼드 하퍼 그림;박민수 옮김,비룡소,종이책,
홍제환 지음,너머북스,종이책,
이재국 지음,동아엠앤비,종이책,
전리오 지음,초봄책방,종이책,
리처드 홀먼 지음;알 머피 그림;박세연 옮김,현대지성,종이책,
점효 지음,보누스,종이책,
"전진성,오창익,김종대,김비환,박홍규,이재승 글",철수와영희,종이책,
한세희 지음,날,종이책,
정혜영 지음,궁리,종이책,
유발 하라리 원작;다비드 반데르묄렝 각색;다니엘 카사나브 그림;김명주 옮김,김영사,종이책,
나민애 지음,김영사,종이책,
"오카다 다쓰노부,김보나 지음;김보나 옮김",나는별,종이책,
박순화 지음,푸른들녘,종이책,
토마스 브루더만 지음;추미란 옮김,동녘,종이책,
이수경 지음,궁리,종이책,
에밀리 오브리;프랭크 테타르 지음;이수진 옮김,사이,종이책,
고명환 지음,라곰,종이책,
알프레드 드 비니 지음; 최복현 옮김,지식을만드는지식,종이책,
록산 게이 지음;노지양 옮김,문학동네,종이책,
알렉스 안도릴 지음;유혜인 옮김,필름,종이책,
수바드라 다스 지음;장한라 옮김,북하우스,종이책,
마틴 푸크너 지음;허진 옮김,어크로스,종이책,
서동욱 지음,김영사,종이책,
셸리 리드 지음;김보람 옮김,다산책방,종이책,
누노 마울리데;탄야 트릭슬러 지음;이덕임 옮김,북라이프,종이책,
사이토 다카시 지음;정현 옮김,필름,종이책,
청예 지음,안전가옥,종이책,
문태선 지음,궁리,종이책,
배티 지음,애플씨드,종이책,
염지현 지음,팜파스,종이책,
스토 야스시 지음;전종훈 옮김,플루토,종이책,
최영기 지음,21세기북스,종이책,
김나영 지음,생각학교,종이책,
"이재환,이현규 지음",센시오,종이책,
오국환 지음,지상의책,종이책,
허먼 멜빌 지음;김석희 옮김,작가정신,종이책,
김성환 지음,푸른길,종이책,
한준호 외 지음,롤러코스터,종이책,
"마크 패터슨,낸시 홀스트-플렌 편저;전병운,이보영 옮김",푸른길,종이책,
샘 혼 지음;서은경 옮김,서삼독,종이책,
모건 하우절 지음;이수경 옮김,서삼독,종이책,
송길영 지음,교보문고,종이책,
김누리 지음,해냄,종이책,
최재천 지음,김영사,종이책,
최재천 지음,열림원,종이책,
정완상 지음,성림북스,종이책,
임진강 지음,빌리버튼,종이책,
강상우 지음,포르체,종이책,
유정호 지음,블랙피쉬,종이책,
앤드루 포터 지음;민은영 옮김,문학동네,종이책,
벵하민 라바투트 지음;송예슬 옮김,문학동네,종이책,
박완서 지음,세계사,종이책,
김동식 지음;오희령 일러스트레이션,요다,종이책,
박완서 지음;이인아 그림,창비,종이책,
류현재 지음,마름모,종이책,
이상권 글,현북스,종이책,
김주영 지음,우리학교,종이책,
이수연 지음,클레이하우스,종이책,
황보나 글,문학동네,종이책,
신경림 외 지음,창비,종이책,
로아네 판 포르스트 지음;박소현 옮김,프런티어,종이책,
손호영 지음,동아시아,종이책,
민동석 글,크루,종이책,
박정원 지음,지노,종이책,
승지홍 지음,다른,종이책,
김재인 글;위수연 그림,그림씨,종이책,
최선영 지음,Talk Show(토크쇼),종이책,
송하늘 지음,지음미디어,종이책,
리처드 모란 지음;이지민 옮김,북스톤,종이책,
반은기 지음,푸른들녘,종이책,
웨인 다이어 지음;김성 옮김,21세기북스,종이책,
웨인 다이어 지음;오현정 옮김,21세기북스,종이책,
청비쉬엔 지음;김가경 옮김,이든서재,종이책,
닉 트렌턴 지음;박지선 옮김,갤리온,종이책,
프리드리히 니체 지음;김욱 편역,프레스트북스,종이책,
프리드리히 니체 지음;김신종 옮김,page2(페이지2북스),종이책,
타비타 골드스타우브 지음;김소정 옮김,해나무,종이책,
지렁 지음,제이펍,종이책,
이여운 지음,글라이더,종이책,
한세희 지음,북트리거,종이책,
박시백 지음,Humanist(휴머니스트출판그룹),종이책,
조대현 글·사진,해시태그,종이책,
조대현 글;조대현 사진,해시태그,종이책,
두경아 지음,길벗,종이책,
정희섭 지음,amStory(에이엠스토리),종이책,
헤르만 헤세 지음;유혜자 옮김,문예춘추사,종이책,
A. J. 라이언 지음;전행선 옮김,나무옆의자,종이책,
정구복 지음;고병관 사진,깊은나무,종이책,
박노해 글·그림,느린걸음,종이책,
최진영 지음,위즈덤하우스,종이책,
윤정은 글,북로망스,종이책,
조성준 지음,작가정신,종이책,
올든 위커 지음;김은령 옮김,부키,종이책,
배대웅 지음,whale books(웨일북),종이책,
조승우 지음,포레스트북스,종이책,
김웅철 지음,매일경제신문사,종이책,
송길영 지음,교보문고,종이책,
콜린 마샬 지음,어크로스,종이책,
강윤영 지음,굿인포메이션,종이책,
시메노 나기 지음;장민주 옮김,더퀘스트,종이책,
로이스 로리 글;장은수 옮김,비룡소,종이책,
조세희 지음,이성과힘,종이책,
히가시가와 도쿠야 지음;김은모 옮김,북다,종이책,
팀 보울러 지음;정해영 옮김,다산책방,종이책,
이현희 글 ;최호정 그림,아울북 ,종이책,
이현희 글 ;최호정 그림,아울북 ,종이책,
이현희 글 ;최호정 그림,아울북 ,종이책,
이현희 글 ;최호정 그림,아울북 ,종이책,
김우람 글 ;최호정 그림,아울북 ,종이책,
김우람 글 ;최호정 그림,아울북 ,종이책,
이선영 글 ;이효실 그림,아울북 ,종이책,
이선영 글 ;이효실 그림,아울북 ,종이책,
윤진숙 글 ;이효실 그림,아울북 ,종이책,
윤진숙 글 ;이효실 그림,아울북 ,종이책,
윤진숙 글 ;이효실 그림,아울북 ,종이책,
윤진숙 글 ;이효실 그림,아울북 ,종이책,
tvN story <벌거벗은 한국사> 제작팀 지음,프런트페이지,종이책,
tvN story <벌거벗은 한국사> 제작팀 지음,프런트페이지,종이책,
tvN Story <벌거벗은 한국사> 제작팀 지음,프런트페이지,종이책,
스티븐 레비츠키;대니얼 지블랫 지음 ;;박세연 옮김,어크로스,종이책,
김민아 지음,제이펍,종이책,
재레드 다이아몬드 지음;강주헌 옮김,김영사,종이책,
재레드 다이아몬드 지음;강주헌 옮김,김영사,종이책,
재레드 다이아몬드 지음;강주헌 옮김,김영사,종이책,
봄비눈 지음,소담출판사,종이책,
서덕준 지음,위즈덤하우스,종이책,
클레어 키건 지음;홍한별 옮김,다산책방,종이책,
클레어 키건 지음;홍한별 옮김,다산책방,종이책,
클레어 키건 지음;홍한별 옮김,다산책방,종이책,
tvN 〈벌거벗은 세계사〉 제작팀 지음,교보문고,종이책,
tvN <벌거벗은 세계사> 제작진 지음,교보문고,종이책,
"국립극장 지음;이수용,정주현,성재훈;강성훈,박영철",교보문고,종이책,
강지나 지음,돌베개,종이책,
강지나 지음,돌베개,종이책,
강지나 지음,돌베개,종이책,
강지나 지음,돌베개,종이책,
강지나 지음,돌베개,종이책,
강지나 지음,돌베개,종이책,
강지나 지음,돌베개,종이책,
강지나 지음,돌베개,종이책,
강지나 지음,돌베개,종이책,
강지나 지음,돌베개,종이책,
야마사케 케이치 지음;김아람 옮김,시그마북스,종이책,
야마사케 케이치 지음;김아람 옮김,시그마북스,종이책,
tvNstory 〈벌거벗은 한국사〉 제작팀 지음,프런트페이지,종이책,
tvNstory 〈벌거벗은 한국사〉 제작팀 지음,프런트페이지,종이책,
비가 지음,러프미디어,종이책,
비가 지음,러프미디어,종이책,
오가와 이토 지음;권영주 옮김,RHK(알에이치코리아),종이책,
이꽃님 지음,문학동네,종이책,
박재용 글;이크종 그림,청어람미디어,종이책,
"세스 고딘 지음;이주형,남수영 지음",쌤앤파커스,종이책,
"박윤영,채준우 [공]지음",뜨인돌,종이책,
매트 파커 지음;이경민 옮김,다산사이언스,종이책,
김상훈 지음,다산초당,종이책,
김상훈 지음,다산초당,종이책,
김건우 지음,푸른들녘,종이책,
유정호 지음,주니어태학,종이책,
전방욱 지음,이상북스,종이책,
전국지리교사모임 지음,탐,종이책,
신카이 마코토 지음;민경욱 옮김,대원씨아이,종이책,
팀 제임스 지음;김주희 옮김,한빛비즈,종이책,
루시 모드 몽고메리 지음;유보라 그림;오수원 옮김,현대지성,종이책,
루시 모드 몽고메리 지음;유보라 그림;오수원 옮김,현대지성,종이책,
루시 모드 몽고메리 지음;유보라 그림;오수원 옮김,현대지성,종이책,
루시 모드 몽고메리 지음;유보라 그림;오수원 옮김,현대지성,종이책,
루시 모드 몽고메리 지음;유보라 그림;오수원 옮김,현대지성,종이책,
루시 모드 몽고메리 지음;유보라 그림;오수원 옮김,현대지성,종이책,
루시 모드 몽고메리 지음;유보라 그림;오수원 옮김,현대지성,종이책,
루시 모드 몽고메리 지음;유보라 그림;오수원 옮김,현대지성,종이책,
최태성 지음,프런트페이지,종이책,
"엘머 레터만 지음;유광선,최강석 [공]옮김",와일드북,종이책,
강용수 지음,유노북스,종이책,
존 소포릭 지음;이한이 옮김,윌북,종이책,
세이노 지음,데이원,종이책,
권비영 지음,특별한서재,종이책,
정완상 지음,성림원북스,종이책,
정완상 지음,성림원북스,종이책,
정완상 지음,성림원북스,종이책,
정완상 지음,성림원북스,종이책,
정완상 지음,성림원북스,종이책,
한상희 지음,다봄,종이책,
김동섭 지음,현대지성,종이책,
찰스 로버트 다윈 원작;레베카 스테포프 다시 씀;티건 화이트 그림;이충호 옮김,두레,종이책,
태지원 지음,동녘,종이책,
자미라 엘 우아실;프리데만 카릭 지음;김현정 옮김,원더박스,종이책,
에르난 디아스 지음;강동혁 옮김,문학동네,종이책,
박웅현 지음,인티앤,종이책,
클레어 키건 지음;허진 옮김,다산책방,종이책,
클레어 키건 지음;허진 옮김,다산책방,종이책,
유시민 지음,돌베개,종이책,
육호수 지음,문학동네,종이책,
고선경 지음,문학동네,종이책,
이소연 지음,위즈덤하우스,종이책,
구병모 지음,위즈덤하우스,종이책,
김상욱 지음,바다출판사,종이책,
김용관 지음,다른,종이책,
오세준 지음,맘에드림,종이책,
문태선 지음,궁리,종이책,
"레이첼 부크바인더,이언 해리스 지음;임선희 옮김",책세상,종이책,
베르나르 베르베르 지음;전미연 옮김,열린책들,종이책,
베르나르 베르베르 지음;전미연 옮김,열린책들,종이책,
브라이언 블랙 지음;노태복 옮김,씨마스21,종이책,
모건 하우절 지음;이지연 옮김,인플루엔셜,종이책,
김유범 외 지음,역락,종이책,
김동섭 지음,현대지성,종이책,
디 쌤 지음,슬로디미디어,종이책,
권희린 글;안희경 그림,천개의바람,종이책,
박영수 지음,사람in,종이책,
서현정 지음,마리북스,종이책,
이지현 글,철수와영희,종이책,
"이노우에 노부오,구라모토 다카후미 지음;김지예 옮김",동아엠앤비,종이책,
"미셸 프로보스트,다비드 아타 글;필림 드 케메테르 그림;김수진 옮김",그린북,종이책,
알렉산더 폰 쇤부르크 지음;이상희 옮김,추수밭,종이책,
최우리 지음,한겨레출판,종이책,
박진수 지음,루아크,종이책,
기욤 피트롱 지음;양영란 옮김,갈라파고스,종이책,
김해동 글;인선 그림,현암주니어,종이책,
이충환 지음,더숲,종이책,
이성규 지음,플루토,종이책,
정은지 지음,청년의사,종이책,
"사마키 다케오,마스모토 데루키 지음;송제나 옮김",시그마북스,종이책,
필 부아시에르 지음;안진이 옮김,부키,종이책,
마이클 S. 가자니가 지음;김효은 옮김,바다출판사,종이책,
김학진 지음,갈매나무,종이책,
앤드루 램 지음;서종민 옮김,상상스퀘어,종이책,
매트 브라운 지음;김경영 옮김,동녘,종이책,
장 앙리 파브르 지음;조은영 옮김,휴머니스트출판그룹,종이책,
정지혜 지음,개마고원,종이책,
조설아 지음,ㄱ(기역),종이책,
주경아 외 지음,센시오,종이책,
이케가야 유지 글;하현성 옮김,포레스트북스,종이책,
황보현 지음,초록비책공방,종이책,
소린TV 지음,다산에듀,종이책,
"김성윤,김용길 외 서울대학교 법학전문대학원 재학졸업생 14인 지음",메가스터디Books,종이책,
최영숙 지음,미디어숲,종이책,
"권순이,오흥빈,은혜정 지음;KAHOO 그림",꿈결,종이책,
김남수 지음,Mobl Books(무블출판사),종이책,
미래 교육 집필팀 지음,뜨인돌,종이책,
실천교육교사모임 지음;정성수 그림,학교도서관저널,종이책,
필립 라일리 지음;김현수 옮김,지식의날개,종이책,
정은혜 지음;구연산 그림,보누스,종이책,
이정화 지음,행성B(행성비),종이책,
배기성 지음,왕의서재,종이책,
효기심 지음,다산초당,종이책,
마거릿 렌클 지음;빌리 렌클 그림;최정수 옮김,을유문화사,종이책,
요시타케 신스케 지음;이소담 옮김,김영사,종이책,
히가시노 게이고 지음;김난주 옮김,재인,종이책,
송영관 글;류정훈 사진,위즈덤하우스,종이책,
헤이든 원 지음,터닝페이지,종이책,
이연 지음,한빛라이프,종이책,
김소담 글;이파람 그림,나무의말,종이책,
이성윤 글·사진,아마존의나비,종이책,
이경혜 글,보리,종이책,
박여름 지음,히읏,종이책,
연그림 지음,놀,종이책,
공지영 지음,해냄,종이책,
류시화 지음,수오서재,종이책,
문경민 지음,다산책방,종이책,
구병모 지음,문학동네,종이책,
김윤 글,창비,종이책,
김선영 지음,자음과모음,종이책,
이희영 [지음],돌베개,종이책,
정세랑 지음,문학동네,종이책,
박영란 지음,우리학교,종이책,
김선미 글,위즈덤하우스,종이책,
정서영 지음,우리학교,종이책,
황모과 지음,래빗홀,종이책,
최진영 지음,한겨레출판,종이책,
김중미 지음,돌베개,종이책,
최양선 지음,창비,종이책,
박영란 지음,창비,종이책,
이희영 지음,창비,종이책,
박소영 지음,창비,종이책,
김연수 지음,레제,종이책,
권여선 지음,문학동네,종이책,
한석준 지음,인플루엔셜,종이책,
정아은 지음,마름모,종이책,
김선영 지음,좋은습관연구소,종이책,
정기범 지음,시공사,종이책,
허주은 지음;유혜인 옮김,시공사,종이책,
"송시현,현서유 지음",주니어태학,종이책,
류삼영 지음,메디치,종이책,
프란체스카 만노키 지음;김현주 옮김,롤러코스터,종이책,
박민경 지음,그래도봄,종이책,
김욱 지음,개마고원,종이책,
전국지리교사모임 지음,탐,종이책,
이임하 지음,철수와영희,종이책,
오승현 지음,사계절,종이책,
"구정은,이지선 지음",북카라반,종이책,
김지혜 지음,창비,종이책,
니컬러스 카다라스 지음;정미진 옮김,흐름출판,종이책,
10·29 이태원 참사 작가 기록단 씀,창비,종이책,
"하정우,한상기 지음",한빛비즈,종이책,
"이언 골딘,톰 리-데블린 지음;김영선 옮김",어크로스,종이책,
장호종 지음,책갈피,종이책,
임홍택 지음,11％,종이책,
에스와르 프라사드 지음;이영래 옮김,김영사,종이책,
짐 에드워즈 지음;김윤경 옮김,푸른숲,종이책,
스콧 앨런 지음;이희경 옮김,갤리온,종이책,
박정열 지음,저녁달,종이책,
유재연 지음,마음산책,종이책,
벤저민 하디 지음;최은아 옮김,상상스퀘어,종이책,
조세프 응우옌 지음;박영준 옮김,서삼독,종이책,
홍동규 지음,시간여행,종이책,
켈리 최 지음,다산북스,종이책,
신형덕 지음;박선재 그림,에고의바다,종이책,
나응식 외 지음,다른,종이책,
"꿈디자인LAB 글;광명종합사회복지관,shutterstock 사진",동천출판,종이책,
이상헌 지음,생각의힘,종이책,
이완배 지음,북트리거,종이책,
차현진 지음,메디치,종이책,
"안석훈,이경민,홍혜민 지음",넥스트씨,종이책,
조귀동 지음,생각의힘,종이책,
찰스 J. 사이키스 지음;문수경 옮김,스마트비즈니스,종이책,
마커스 브릿지워터 지음;선영화 옮김,더퀘스트,종이책,
함보름 외 지음,팜파스,종이책,
문요한 지음,더퀘스트,종이책,
변지영 지음,더퀘스트,종이책,
김정호 지음,달콤북스,종이책,
양곤성 지음,팜파스,종이책,
"고영건,김진영 지음;고정선 그림",해냄,종이책,
"클레어 프리랜드,제클린 토너 글;맹하나 그림;조연진 옮김",픽,종이책,
케빈 리 지음,이지스에듀,종이책,
아르투어 쇼펜하우어 지음;박제현 옮김,Page2(페이지2북스),종이책,
강신주 지음,EBS Books,종이책,
강신주 지음,EBS Books,종이책,
조윤제 지음,청림출판,종이책,
다카쿠와 가즈미 지음;노수경 옮김,사계절,종이책,
이기주 지음,메디치,종이책,
이승화 지음,시간여행,종이책,
우베 요쿰 지음;박희라 옮김,마인드큐브,종이책,
장문철 저,앤써북,종이책,
전주경 지음,윌북,종이책,
서지영 지음,길벗,종이책,
백희정 지음,노르웨이숲,종이책,
"김준성,브라이스 유,안상준 지음",위키북스,종이책,
박태웅 지음,한빛비즈,종이책,
조정연 지음,위키북스,종이책,
"헨리 A. 키신저,에릭 슈밋,대니얼 허튼로커 지음;김고명 옮김",윌북,종이책,
"서승완,채시은 지음",애드앤미디어,종이책,
김성규 지음,책이라는신화,종이책,
신방실 지음,동아엠앤비,종이책,
최준식 지음,동아엠앤비,종이책,
임재성 지음,특별한서재,종이책,
박시백 지음,Humanist(휴머니스트출판그룹),종이책,
박시백 지음,Humanist(휴머니스트출판그룹),종이책,
최덕현 글·그림,북멘토,종이책,
그레이스 M. 조 지음;주해연 옮김,글항아리,종이책,
"패트릭 브링리 지음;김희정,조현주 옮김",웅진지식하우스,종이책,
질리언 매캘리스터 지음;이경 옮김,시옷북스,종이책,
클레어 키건 지음;홍한별 옮김,다산책방,종이책,
니컬러스 스파크스 지음;박설영 옮김,모모,종이책,
히가시노게이고 지음;최고은 옮김,RHK(알에이치코리아),종이책,
마치다 소노코 지음;황국영 옮김,모모,종이책,
무라카미 하루키 지음;홍은주 옮김,문학동네,종이책,
김신지 지음,잠비,종이책,
조정래 저,해냄,종이책,
조정래 저,해냄,종이책,
김교협 지음,바른북스,종이책,
최은영 지음,문학동네,종이책,
김동식 지음,위즈덤하우스,종이책,
이경희 지음,안전가옥,종이책,
이성민 지음,스윙테일,종이책,
라문찬 지음,나무옆의자,종이책,
백민석 지음,문학과지성사,종이책,
은유 지음,김영사,종이책,
원형정 지음,한스미디어,종이책,
서은경 글·그림,북멘토,종이책,
버지니아 사티어 지음;강유리 옮김,포레스트북스,종이책,
김종원 지음,카시오페아,종이책,
"산업통상자원부,전력거래소 저",Jinhan M＆B(진한엠앤비),종이책,
이소영 지음,돌고래,종이책,
맥스 아일 지음;추선영 옮김,두번째테제,종이책,
홍욱희 지음,사이드웨이,종이책,
장연규 지음,히포크라테스,종이책,
데이비드 무어 지음;정지인 옮김,아몬드,종이책,
데이브 그로스먼 지음;이동훈 옮김,열린책들,종이책,
김동현 지음,부키,종이책,
강지나 지음,돌베개,종이책,
김인정 지음,whale books(웨일북),종이책,
김승섭 지음,동아시아,종이책,
한국일보 창간기획팀 지음,현암사,종이책,
샘 밀러 지음;최정숙 옮김,미래의창,종이책,
"짐 밴더하이,마이크 앨런,로이 슈워츠 지음;윤신영,김수지 옮김",생각의힘,종이책,
조이 챈스 지음;김익성 옮김,비즈니스북스,종이책,
조원경 지음,page2,종이책,
"세스 고딘 지음;이주형,남수영 지음",쌤앤파커스,종이책,
최진영 지음,은행나무,종이책,
백온유 지음,창비,종이책,
이치조 미사키 지음;김윤경 옮김,모모,종이책,
김청귤 지음,안전가옥,종이책,
조원재 지음,다산초당,종이책,
강지나 지음,돌베개,종이책,
강지나 지음,돌베개,종이책,
야마사키 케이치 지음 ;김아람 옮김,시그마북스,종이책,
김우람 글 ;최호정 그림,아울북 ,종이책,
김우람 글 ;최호정 그림,아울북 ,종이책,
이현희 글 ;최호정 그림,아울북 ,종이책,
이현희 글 ;최호정 그림,아울북 ,종이책,
김우람 글 ;최호정 그림,아울북 ,종이책,
김우람 글 ;최호정 그림,아울북 ,종이책,
이현희 글 ;최호정 그림,아울북 ,종이책,
이현희 글 ;최호정 그림,아울북 ,종이책,
박선주 글 ;이효실 그림,아울북 ,종이책,
박선주 글 ;이효실 그림,아울북 ,종이책,
박선주 글 ;이효실 그림,아울북 ,종이책,
박선주 글 ;이효실 그림,아울북 ,종이책,
이선영 글 ;이효실 그림,아울북 ,종이책,
이선영 글 ;이효실 그림,아울북 ,종이책,
이선영 글 ;이효실 그림,아울북 ,종이책,
이선영 글 ;이효실 그림,아울북 ,종이책,
윤진숙 글 ;이효실 그림,아울북 ,종이책,
윤진숙 글 ;이효실 그림,아울북 ,종이책,
tvN story <벌거벗은 한국사> 제작팀 지음,프런트페이지,종이책,
tvN Story <벌거벗은 한국사> 제작팀 지음,프런트페이지,종이책,
마르코 알베라 지음 ;김종명 옮김,미래의창,종이책,
박승범;이창효 지음,전파과학사,종이책,
이슬아 지음,위고,종이책,
김수빈 지음,문학동네,종이책,
김수빈 지음,문학동네,종이책,
김수빈 지음,문학동네,종이책,
김수빈 지음,문학동네,종이책,
김수빈 지음,문학동네,종이책,
사마천 지음 ;송도진 옮김,글항아리,종이책,
사마천 지음 ;송도진 옮김,글항아리,종이책,
사마천 지음 ;송도진 옮김,글항아리,종이책,
사마천 지음 ;송도진 옮김,글항아리,종이책,
사마천 지음 ;송도진 옮김,글항아리,종이책,
사마천 지음 ;송도진 옮김,글항아리,종이책,
사마천 지음 ;송도진 옮김,글항아리,종이책,
사마천 지음 ;송도진 옮김,글항아리,종이책,
사마천 지음 ;송도진 옮김,글항아리,종이책,
사마천 지음 ;송도진 옮김,글항아리,종이책,
빨간고래;윤이사라 지음,한빛미디어,종이책,
문화체육관광부 [편],문화체육관광부,종이책,
자미라 엘 우아실;프리데만 카릭 지음 ;;김현정 옮김,원더박스,종이책,
윤예원 지음,노르웨이숲,종이책,
유현준 지음,을유문화사,종이책,
손수현 지음,다산북스,종이책,
손수현 지음,다산북스,종이책,
마치다 소노코 지음 ;황국영 옮김,모모 ,종이책,
윤정은 지음,북로망스 ,종이책,
박소연 지음,메이븐,종이책,
요한 하리 지음 ;김하현 옮김,어크로스출판그룹,종이책,
임하나 지음,e퍼플 ,종이책,
김주환 지음,인플루엔셜,종이책,
이근후 지음 ;김선경 엮음,갤리온 ,종이책,
이근후 지음 ;김선경 엮음,갤리온 ,종이책,
천선란 지음,자이언트북스,종이책,
자청 지음,웅진지식하우스 ,종이책,
자청 지음,웅진지식하우스 ,종이책,
지바 마사야 지음 ;김상운 옮김,arte ,종이책,
지바 마사야 지음 ;김상운 옮김,arte ,종이책,
이주윤 글·그림,빅피시,종이책,
효기심 지음,다산초당 ,종이책,
효기심 지음,다산초당 ,종이책,
강선우 지음,고즈넉이엔티,종이책,
나이토 요시히토 지음 ;김한나 옮김,유노책주 ,종이책,
레몬심리 지음 ;박영란 옮김,갤리온 ,종이책,
레몬심리 지음 ;박영란 옮김,갤리온 ,종이책,
윤예원 지음,노르웨이숲,종이책,
유현준 지음,을유문화사,종이책,
손수현 지음,다산북스,종이책,
손수현 지음,다산북스,종이책,
마치다 소노코 지음 ;황국영 옮김,모모 ,종이책,
윤정은 지음,북로망스 ,종이책,
박소연 지음,메이븐,종이책,
요한 하리 지음 ;김하현 옮김,어크로스출판그룹,종이책,
임하나 지음,e퍼플 ,종이책,
김주환 지음,인플루엔셜,종이책,
이근후 지음 ;김선경 엮음,갤리온 ,종이책,
이근후 지음 ;김선경 엮음,갤리온 ,종이책,
천선란 지음,자이언트북스,종이책,
자청 지음,웅진지식하우스 ,종이책,
자청 지음,웅진지식하우스 ,종이책,
지바 마사야 지음 ;김상운 옮김,arte ,종이책,
지바 마사야 지음 ;김상운 옮김,arte ,종이책,
이주윤 글·그림,빅피시,종이책,
효기심 지음,다산초당 ,종이책,
효기심 지음,다산초당 ,종이책,
강선우 지음,고즈넉이엔티,종이책,
나이토 요시히토 지음 ;김한나 옮김,유노책주 ,종이책,
레몬심리 지음 ;박영란 옮김,갤리온 ,종이책,
레몬심리 지음 ;박영란 옮김,갤리온 ,종이책,
최명원 지음,청년의사,종이책,
윤재 저,아이생각,종이책,
오자와 다케토시 지음;김향아 옮김,필름,종이책,
"기시미 이치로,고가 후미타케 지음;전경아 옮김",인플루엔셜,종이책,
"기시미 이치로,고가 후미타케 지음;전경아 옮김",인플루엔셜,종이책,
"기시미 이치로,고가 후미타케 지음;전경아 옮김",인플루엔셜,종이책,
엘리자베스 콜버트 지음;김보영 옮김,쌤앤파커스,종이책,
허태연 지음,놀(다산북스),종이책,
아바타로 지음;우다혜 옮김,필름,종이책,
마틴 래디 지음;박수철 옮김,까치,종이책,
정대건 지음,민음사,종이책,
정대건 지음,민음사,종이책,
정대건 지음,민음사,종이책,
렌조 미키히코 지음;양윤옥 옮김,모모,종이책,
루시 모드 몽고메리 지음 ;김지영 옮김,브라운 힐,종이책,
루시 모드 몽고메리 지음 ;김지영 옮김,브라운 힐,종이책,
루시 모드 몽고메리 지음 ;김지영 옮김,브라운 힐,종이책,
벤저민 빅먼 지음;이영래 옮김,북드림,종이책,
벤저민 빅먼 지음;이영래 옮김,북드림,종이책,
벤저민 빅먼 지음;이영래 옮김,북드림,종이책,
벤저민 빅먼 지음;이영래 옮김,북드림,종이책,
tvN <벌거벗은 세계사> 제작진 지음,교보문고,종이책,
tvN <벌거벗은 세계사> 제작진 지음,교보문고,종이책,
tvN <벌거벗은 세계사> 제작진 지음,교보문고,종이책,
노경덕 편저,책과함께,종이책,
김규민 지음,콘택트,종이책,
진병관 지음,빅피시,종이책,
장 뤽 포르케 지음;야체크 워즈니악 그림;장한라 옮김,서해문집,종이책,
리처드 테일러 지음;공민희 옮김,알에이치코리아,종이책,
이한비 글;고정순 그림,반달,종이책,
강은주 지음,이봄,종이책,
천선란 지음,현대문학,종이책,
프란스 드 발 지음;이충호 옮김,세종,종이책,
앤디 웨스트 지음;박설영 옮김,어크로스,종이책,
에드 마일렛 지음;박병화 옮김,토네이도,종이책,
장대익 지음,바다출판사,종이책,
밥 프록터 지음;김잔디 옮김,페이지2북스,종이책,
김보미 글;2DA 그림,서해문집,종이책,
한국역사연구회 지음,돌베개,종이책,
벤저민 빅먼 지음;이영래 옮김,북드림,종이책,
벤저민 빅먼 지음;이영래 옮김,북드림,종이책,
벤저민 빅먼 지음;이영래 옮김,북드림,종이책,
벤저민 빅먼 지음;이영래 옮김,북드림,종이책,
tvNstory 〈벌거벗은 한국사〉 제작팀 지음,프런트페이지,종이책,
tvNstory 〈벌거벗은 한국사〉 제작팀 지음,프런트페이지,종이책,
한국교원대학교 역사교육과 교수진 지음;Map.ing 지도 원도 및 일러스트레이션,사계절,종이책,
김연수 지음,문학동네,종이책,
Lois Lowry 지음,Long tail books(롱테일북스),종이책,
황보름 지음,클레이하우스,종이책,
한강 지음,창비,종이책,
한강 지음,창비,종이책,
한강 지음,창비,종이책,
한강 지음,창비,종이책,
한강 지음,창비,종이책,
신카이 마코토 원작;가노 아라타 지음;임희선 옮김,대원씨아이,종이책,
곽재식 지음,동아시아,종이책,
러셀 브런슨 지음;이경식 옮김,윌북,종이책,
이민진 지음;신승미 옮김,인플루엔셜,종이책,
이민진 지음;신승미 옮김,인플루엔셜,종이책,
마윤제 지음,특별한서재,종이책,
양정무 지음;김지희 지도·일러스트레이션,사회평론,종이책,
에티엔 가르셍 글;A. 단 그림;이성엽 옮김,지양사,종이책,
제라르 드니조 지음;배영란 옮김,미술문화,종이책,
"크리스 F. 올리버 지음;훌리오 푸엔테스 그림;송창훈,양성미 [공]옮김",봄볕,종이책,
아툴 가완디 지음;김희정 옮김,부키,종이책,
김재훈 글·그림;서정욱 글,카시오페아,종이책,
김재훈 글·그림;서정욱 글,카시오페아,종이책,
천선란 지음,한겨레출판,종이책,
존 배로 지음;김희봉 옮김,김영사,종이책,
"김주은,박구연 공저;페니 그림",지브레인,종이책,
문태선 지음,궁리,종이책,
최영기 지음,21세기북스,종이책,
조철기 지음,푸른길,종이책,
서태동 외 지음,롤러코스터,종이책,
신경림 시;이장미 그림,웃는돌고래,종이책,
박시백 지음,Humanist(휴머니스트출판그룹),종이책,
박시백 지음,Humanist(휴머니스트출판그룹),종이책,
이경희 지음,안전가옥,종이책,
월터 아이작슨 지음;조은영 옮김,웅진지식하우스,종이책,
장-자크 루소 지음;김영욱 옮김,후마니타스,종이책,
"데니스 뇌르마르크,아네르스 포그 옌센 지음;이수영 옮김",자음과모음,종이책,
설재웅 저,고려의학,종이책,
싱숑 지음,비채,종이책,
싱숑 지음,비채,종이책,
싱숑 지음,비채,종이책,
싱숑 지음,비채,종이책,
싱숑 지음,비채,종이책,
싱숑 지음,비채,종이책,
싱숑 지음,비채,종이책,
싱숑 지음,비채(김영사),종이책,
이다혜 지음,창비,종이책,
이종혁 지음,인디펍,종이책,
서영조 지음,사람in,종이책,
시사상식연구소 [편저],시대고시기획,종이책,
최나야 외 지음,EBS Books(한국교육방송공사),종이책,
이민진 지음;신승미 옮김,인플루엔셜,종이책,
이민진 지음;신승미 옮김,인플루엔셜,종이책,
고레에다 히로카즈 지음;이지수 옮김,바다,종이책,
천샹징 글·그림;린다리 글;박주은 옮김,북스힐,종이책,
트레버 트롤;브라이언 모런;마이클 레닝턴 [공]지음;정윤미 옮김,북스톤,종이책,
황조교 지음,초록비책공방,종이책,
황보름 지음,클레이하우스,종이책,
줄리 리스콧-헤임스 지음;박선영 옮김,온워드(웅진북센),종이책,
최서영 지음,북로망스,종이책,
민용준 인터뷰하고 씀;장성용 사진,진풍경,종이책,
민혜영 지음,서사원,종이책,
김겨울 지음,제철소,종이책,
김상현 지음,필름,종이책,
권민창 지음,마인드셋(Mindset),종이책,
박상영 지음,문학동네,종이책,
장신웨 지음;하은지 옮김,리드리드출판(한국능률협회),종이책,
정상미;김은아;강은영 [공]지음,한국경제신문,종이책,
레이 달리오 지음;송이루;조용빈 [공]옮김,한빛비즈,종이책,
앨빈 토플러;하이디 토플러 [공]지음;김중웅 옮김,청림,종이책,
이어령 지음,김영사,종이책,
데이먼 자하리아데스 지음;김미정 옮김,서삼독(쌤앤파커스),종이책,
정서경;박찬욱 [공]지음,을유문화사,종이책,
정서경;박찬욱 [공]지음,을유문화사,종이책,
이현 지음;오윤화 그림,창비,종이책,
다나카 마치 지음;이동희 옮김,전나무숲,종이책,
김정희원 지음,창비,종이책,
마이클 샌델 원저;신현주 글,아이세움(미래엔),종이책,
허태연 지음,놀(다산북스),종이책,
질리언 테트,어크로스,종이책,
안인모 지음,위즈덤하우스,종이책,
유시민 지음,생각의길,종이책,
김희균 지음;백두리 그림,나무생각,종이책,
장강명 지음,은행나무,종이책,
장강명 지음,은행나무,종이책,
주성철 지음,씨네21북스(한겨레엔),종이책,
김호연 지음,나무옆의자,종이책,
허지웅 지음,김영사,종이책,
김훈 지음,문학동네,종이책,
김훈 지음,문학동네,종이책,
김훈 지음,문학동네,종이책,
김훈 지음,문학동네,종이책,
신진상 지음,미디어숲,종이책,
김지혜 지음,팩토리나인(쌤앤파커스),종이책,
멜리사 헬스턴 지음;카일리 박 옮김;오현아 그림,피카(FIKA),종이책,
최재천 지음,효형,종이책,
구병모 지음,창비,종이책,
조예은 지음,한겨레,종이책,
김우람 글 ;최호정 그림,아울북 ,종이책,
김우람 글 ;최호정 그림,아울북 ,종이책,
박효연 글 ;최호정 그림,아울북 ,종이책,
박효연 글 ;최호정 그림,아울북 ,종이책,
이현희 글 ;신동민 그림,아울북 ,종이책,
이현희 글 ;신동민 그림,아울북 ,종이책,
벤저민 빅먼 지음 ;이영래 옮김,북드림,종이책,
tvN Story <벌거벗은 한국사> 제작팀 지음,프런트페이지,종이책,
tvN Story <벌거벗은 한국사> 제작팀 지음,프런트페이지,종이책,
김연수 지음,문학동네,종이책,
김연수 지음,문학동네,종이책,
김연수 지음,문학동네,종이책,
김연수 지음,문학동네,종이책,
김연수 지음,문학동네,종이책,
사토 다쓰야 지음 ;박재영 옮김,센시오,종이책,
최낙언 지음,예문당,종이책,
추정경 지음,다산책방 ,종이책,
추정경 지음,다산책방 ,종이책,
백세희 글,호밀밭,종이책,
백세희 글,호밀밭,종이책,
정두영 지음,더 퀘스트 ,종이책,
정두영 지음,더 퀘스트 ,종이책,
앤서니 기든스;필립 W. 서튼 지음 ;;김봉석 옮김,동녘,종이책,
앤서니 기든스;필립 W. 서튼 지음 ;;김봉석 옮김,동녘,종이책,
장재형 지음,유노북스 ,종이책,
한화택 지음,더 퀘스트 ,종이책,
한화택 지음,더 퀘스트 ,종이책,
정대건 [외]지음,?濱?,종이책,
정서경;박찬욱 지음,을유문화사,종이책,
알랭 드 보통 지음 ;정영목 옮김,청미래,종이책,
이치조 미사키 지음 ;김윤경 옮김,바이포엠 스튜디오 ,종이책,
김경민 지음,좋은습관연구소,종이책,
기시미 이치로;고가 후미타케 지음 ;전경아 옮김,인플루엔셜,종이책,
나카무라 후미노리 지음 ;양윤옥 옮김,놀 ,종이책,
나카무라 후미노리 지음 ;양윤옥 옮김,놀 ,종이책,
애나 렘키 지음 ;김두완 옮김,흐름출판,종이책,
애나 렘키 지음 ;김두완 옮김,흐름출판,종이책,
후지타니 지아키 지음 ;이경은 옮김,흐름출판,종이책,
후지타니 지아키 지음 ;이경은 옮김,흐름출판,종이책,
나종호 지음,아몬드,종이책,
김아라 지음,유노북스,종이책,
이은조 지음,휴머니스트출판그룹,종이책,
헤이든 핀치 지음 ;이은정 옮김,시크릿하우스,종이책,
김호연 지음,나무옆의자,종이책,
엠제이 드마코 지음 ;신소영 옮김,토트 ,종이책,
김혜정;장강명 기획 ;30명 공저,그믐,종이책,
조국 지음,오마이북,종이책,
이나다 도요시 지음 ;황미숙 옮김,현대지성,종이책,
서준석 지음,다산에듀 ,종이책,
서준석 지음,다산에듀 ,종이책,
김경일;사피엔스 스튜디오 지음,샘터사,종이책,
손힘찬 지음,Rise ,종이책,
최서영 지음,북로망스,종이책,
김선진 지음,곰곰 ,종이책,
유영만;박용후 지음,쌤앤파커스,종이책,
피아 칼리슨 지음 ;이현주 옮김,필름출판사,종이책,
스콧 로젤;내털리 헬 지음 ;박민희 옮김,롤러코스터,종이책,
김혜남 지음,메이븐,종이책,
칼 필레머 지음 ;박여진 옮김,토네이도미디어그룹,종이책,
웰시 지음,풀빛,종이책,
김다슬 지음,클라우디아 ,종이책,
유선경 지음,앤의서재,종이책,
정대건 [외]지음,?濱?,종이책,
정서경;박찬욱 지음,을유문화사,종이책,
알랭 드 보통 지음 ;정영목 옮김,청미래,종이책,
이치조 미사키 지음 ;김윤경 옮김,바이포엠 스튜디오 ,종이책,
김경민 지음,좋은습관연구소,종이책,
기시미 이치로;고가 후미타케 지음 ;전경아 옮김,인플루엔셜,종이책,
나카무라 후미노리 지음 ;양윤옥 옮김,놀 ,종이책,
나카무라 후미노리 지음 ;양윤옥 옮김,놀 ,종이책,
애나 렘키 지음 ;김두완 옮김,흐름출판,종이책,
애나 렘키 지음 ;김두완 옮김,흐름출판,종이책,
후지타니 지아키 지음 ;이경은 옮김,흐름출판,종이책,
후지타니 지아키 지음 ;이경은 옮김,흐름출판,종이책,
나종호 지음,아몬드,종이책,
김아라 지음,유노북스,종이책,
이은조 지음,휴머니스트출판그룹,종이책,
헤이든 핀치 지음 ;이은정 옮김,시크릿하우스,종이책,
김호연 지음,나무옆의자,종이책,
엠제이 드마코 지음 ;신소영 옮김,토트 ,종이책,
김혜정;장강명 기획 ;30명 공저,그믐,종이책,
조국 지음,오마이북,종이책,
이나다 도요시 지음 ;황미숙 옮김,현대지성,종이책,
서준석 지음,다산에듀 ,종이책,
서준석 지음,다산에듀 ,종이책,
김경일;사피엔스 스튜디오 지음,샘터사,종이책,
손힘찬 지음,Rise ,종이책,
최서영 지음,북로망스,종이책,
김선진 지음,곰곰 ,종이책,
유영만;박용후 지음,쌤앤파커스,종이책,
피아 칼리슨 지음 ;이현주 옮김,필름출판사,종이책,
스콧 로젤;내털리 헬 지음 ;박민희 옮김,롤러코스터,종이책,
김혜남 지음,메이븐,종이책,
칼 필레머 지음 ;박여진 옮김,토네이도미디어그룹,종이책,
웰시 지음,풀빛,종이책,
김다슬 지음,클라우디아 ,종이책,
유선경 지음,앤의서재,종이책,
김초엽 지음,한겨레출판,종이책,
정세랑 지음,창비,종이책,
차인표 글;민병권 그림,해결책,종이책,
헨리 데이비드 소로 지음;정회성 옮김,민음사,종이책,
조성래 지음,산지니,종이책,
리사 펠드먼 배럿 지음;변지영 옮김,더 퀘스트(길벗),종이책,
리사 펠드먼 배럿 지음;변지영 옮김,더 퀘스트(길벗),종이책,
리사 펠드먼 배럿 지음;변지영 옮김,더 퀘스트(길벗),종이책,
리사 펠드먼 배럿 지음;변지영 옮김,더 퀘스트(길벗),종이책,
필로 편집부 편,매거진필로,종이책,
토드 로즈 지음;정미나 옮김,21세기북스,종이책,
토드 로즈 지음;정미나 옮김,21세기북스,종이책,
필로 편집부 편,매거진필로,종이책,
현승훈 지음,아모르문디,종이책,
목혜정 지음,아모르문디,종이책,
김소연 지음,아모르문디,종이책,
이아람찬 지음,아모르문디,종이책,
앤드류 비커스 지음;이근백 [외]옮김,신한출판미디어,종이책,
리사 펠드먼 배럿 지음;변지영 옮김,더 퀘스트(길벗),종이책,
리사 펠드먼 배럿 지음;변지영 옮김,더 퀘스트(길벗),종이책,
리사 펠드먼 배럿 지음;변지영 옮김,더 퀘스트(길벗),종이책,
리사 펠드먼 배럿 지음;변지영 옮김,더 퀘스트(길벗),종이책,
마이클 셸런버거 지음;노정태 옮김,부키,종이책,
한국일보 우리시대의마이너리티팀 지음,북콤마,종이책,
박찬국 지음,21세기북스,종이책,
이한진 지음,컬처룩,종이책,
장인용 지음,개마고원,종이책,
버락 오바마 지음;노승영 옮김,웅진지식하우스,종이책,
앤드루 H. 놀 지음;이한음 옮김,다산사이언스,종이책,
한강 지음,문학동네,종이책,
한강 지음,문학동네,종이책,
장 노엘 파비아니 글;필리프 베르코비치 그림;김모 번역,한빛비즈,종이책,
이꽃님 지음,우리학교,종이책,
차인표 글;민병권 그림,해결책,종이책,
빅터 프랭클 지음;박상미 옮김,특별한서재,종이책,
권비영 지음,특별한서재,종이책,
마윤제 지음,특별한서재,종이책,
양정무 지음,창비,종이책,
조원재 지음,블랙피쉬,종이책,
리우스 지음;유아가다 옮김,지양사,종이책,
유발 하라리 원작;다비드 반데르묄렝 각색;다니엘 카사나브 그림;김명주 옮김,김영사,종이책,
김초엽 지음,자이언트북스,종이책,
김영탁 지음,아르테,종이책,
김영탁 지음,아르테,종이책,
룰루 밀러 지음;정지인 옮김,곰출판,종이책,
김재훈 글·그림;서정욱 글,카시오페아,종이책,
김재훈 글·그림;서정욱 글,카시오페아,종이책,
김재훈 글·그림;서정욱 글,카시오페아,종이책,
김재훈 글·그림;서정욱 글,카시오페아,종이책,
중국을 읽어주는 중국어교사모임 지음,민규,종이책,
중국을 읽어주는 중국어교사모임 지음,민규,종이책,
중국을 읽어주는 중국어교사모임 지음,민규,종이책,
중국을 읽어주는 중국어교사모임 지음,민규,종이책,
미하이 칙센트미하이 지음;이희재 옮김,해냄,종이책,
전삼혜 지음,문학동네,종이책,
이동환 지음,글담출판,종이책,
문태선 지음,궁리,종이책,
조봉한 지음,매경주니어,종이책,
최영기 지음,21세기북스,종이책,
전국지리교사모임 지음;김수연 일러스트,한빛라이프,종이책,
바츨라프 스밀 지음;강주헌 옮김,김영사,종이책,
프랭크 허버트 지음;김승옥 옮김,황금가지,종이책,
프랭크 허버트 지음;김승옥 옮김,황금가지,종이책,
프랭크 허버트 지음;김승옥 옮김,황금가지,종이책,
프랭크 허버트 지음;김승옥 옮김,황금가지,종이책,
프랭크 허버트 지음;김승옥 옮김,황금가지,종이책,
프랭크 허버트 지음;김승옥 옮김,황금가지,종이책,
김달 지음,빅피시,종이책,
장다혜 지음,북레시피,종이책,
윤실 글,전파과학사,종이책,
김진명 지음,이타북스,종이책,
원치수 지음,푸른칠판,종이책,
오정미;이창동 [공]각본,아를,종이책,
박완서 지음,웅진지식하우스(웅진씽크빅),종이책,
막강 지음,검은펜,종이책,
이창동 지음,아를,종이책,
정한샘;조요엘 [공]지음,열매하나,종이책,
테레자 넴초바,북스토리,종이책,
서은국 지음,21세기북스(북이십일),종이책,
김기창 지음,민음사,종이책,
심채경 지음,문학동네,종이책,
엘리자베스 M. 토마스 지음;최유나 옮김,홍익출판미디어그룹,종이책,
유시민 지음,돌베개,종이책,
최은미 지음,문학동네,종이책,
매트 헤이그 지음;노진선 옮김,인플루엔셜,종이책,
김지수 지음,열림원,종이책,
최은영 지음,문학동네,종이책,
김초엽 지음,현대문학,종이책,
레베카 레이즌 지음;이은선 옮김,황금시간,종이책,
정대건 지음,자음과모음,종이책,
생텍쥐페리 글;피치마켓 번안,Peach Market(피치마켓),종이책,
서자영 [지음],고즈넉이엔티,종이책,
서자영 [지음],고즈넉이엔티,종이책,
한선관;류미영;김태령 [공]지음,성안당,종이책,
탁경은 지음,자음과모음,종이책,
전하영 외 지음,문학동네,종이책,
양희은 지음,김영사,종이책,
태라 하엘 글;김아림 옮김,오유아이,종이책,
김수진 지음,북로그컴퍼니,종이책,
김수진 지음,북로그컴퍼니,종이책,
김수진 지음,북로그컴퍼니,종이책,
흔한남매 원작;김승자;정미화 [공]글;투윙스;유영근 [공]그림,대원키즈,종이책,
박성민;승지홍 [공]지음,다른,종이책,
작가1 지음,북로그컴퍼니,종이책,
작가1 지음,북로그컴퍼니,종이책,
작가1 지음,북로그컴퍼니,종이책,
박서련 지음;최산호 그림,마음산책,종이책,
고레에다 히로카즈 지음;이지수 옮김,바다,종이책,
양정무 지음,창비,종이책,
최효찬 지음,글담,종이책,
김엘리 지음,동녘,종이책,
김미조 지음,동아엠앤비,종이책,
제이 셰티 지음;이지연 옮김,다산북스,종이책,
히가시노 게이고 지음;민경욱 옮김,하빌리스(대원씨아이),종이책,
헤르만 헤세 지음;안인희 옮김,창비,종이책,
리사 펠드먼 배럿 지음;변지영 옮김,더 퀘스트(길벗),종이책,
니시와키 지 지음;이은혜 옮김,더 퀘스트(길벗),종이책,
다이애나 클라크 지음;변용란 옮김,창비,종이책,
데비 텅 지음;최세희 옮김,윌북,종이책,
데비 텅 지음;최세희 옮김,윌북,종이책,
데비 텅 지음;최세희 옮김,월북,종이책,
정유희;안계정;추민규 [공]지음,다빈치하우스(미디어숲),종이책,
안계정;배득중;정유희 [공]지음,미디어숲,종이책,
배수정;김채화;정유희 [공]지음,미디어숲,종이책,
정유희;이희성;강건 [공]지음,미디어숲(다빈치하우스),종이책,
정유희;황현성;서영진 [공]지음,미디어숲,종이책,
김상균;신병호 [공]지음,베가북스,종이책,
네드라 글로버 타와브 지음;신혜연 옮김,매일경제신문사(매경출판),종이책,
캐럴라인 냅 지음;정지인 옮김,북하우스(북하우스 퍼블리셔스),종이책,
리사 크뢰거;멜라니 앤더슨 [공]지음;안현주 옮김,구픽,종이책,
김호연 지음,나무옆의자,종이책,
박정란 지음,북트리거(지학사),종이책,
나윤희 지음,RHK(알에이치코리아),종이책,
나윤희 지음,RHK(알에이치코리아),종이책,
나윤희 지음,RHK(알에이치코리아),종이책,
AJS 외 지음,문학동네,종이책,
최은영 지음,문학동네,종이책,
김혜정 지음,사계절,종이책,
목대균 지음,Talk Show(토크쇼),종이책,
양재진;양재웅 [공]지음,21세기북스(북이십일),종이책,
유현준,  을유문화사,종이책,
정유정 지음,은행나무,종이책,
나관중 지음;이동진 평역,해누리기획,종이책,
김혜정 지음,자음과모음,종이책,
명소정 지음,이지북,종이책,
이꽃님 지음,우리학교,종이책,
이필원 글;예란 그림,사계절,종이책,
나나 브로크만;엘렌 스퇴켄 달 [공]글;매그힐 위네스 그림;신소희 옮김,초록서재,종이책,
옌롄커 지음;김태성 옮김,자음과모음,종이책,
카리나 사인스 보르고 지음;구유 옮김,은행나무,종이책,
박하령 지음,자음과모음,종이책,
이종산 외 지음,서해문집,종이책,
배수정;김채화;정유희 [공]지음,미디어숲,종이책,
제프리 삭스 지음;이종인 옮김,21세기북스(북이십일),종이책,
지하늘 글·그림,한빛비즈,종이책,
홍은자 지음,푸른들녘,종이책,
플로리안 부셴도르프 지음;박성원 옮김,미래인,종이책,
이하성 글·사진,시공사,종이책,
조지무쇼 편저;서수지 옮김,사람과나무사이,종이책,
김원익 지음,위즈덤하우스,종이책,
김태호 글;최지수 그림,사계절,종이책,
로버트 D. 캐플런 지음;김용민;최난경 [공]옮김,글항아리,종이책,
조지 R. R. 마틴 외 지음;김상훈 옮김,은행나무,종이책,
조지 R.R. 마틴 외 지음;김상훈 옮김,은행나무,종이책,
송용섭 지음,다산에듀(다산북스),종이책,
주동근 지음,문학동네,종이책,
주동근 지음,문학동네,종이책,
주동근 지음,문학동네,종이책,
주동근 지음,문학동네,종이책,
주동근 지음,문학동네,종이책,
젤리빈 글·그림,손봄북스,종이책,
젤리빈 글·그림,손봄북스,종이책,
조성래 지음,산지니,종이책,
조성래 지음,산지니,종이책,
조성래 지음,산지니,종이책,
조성래 지음,산지니,종이책,
조성래 지음,산지니,종이책,
조성래 지음,산지니,종이책,
조성래 지음,산지니,종이책,
조성래 지음,산지니,종이책,
조성래 지음,산지니,종이책,
조성래 지음,산지니,종이책,
진 루엔 양 지음;조영학 옮김,우리학교,종이책,
이지성 지음,차이정원,종이책,
히가시노 게이고 지음;양윤옥 옮김,현대문학,종이책,
니콜 르페라 지음;이미정 옮김,웅진지식하우스,종이책,
아도라 스비탁 지음;카밀라 핀헤이로 그림;김미나 옮김,특별한서재,종이책,
이반지하 지음,문학동네,종이책,
정지음 [지음],민음사,종이책,
윤여경 지음,이지북,종이책,
최인철 지음,21세기북스(북이십일),종이책,
정세랑 지음,위즈덤하우스,종이책,
이재인 지음,안전가옥,종이책,
정대건 지음,자음과모음,종이책,
장명숙 지음,김영사,종이책,
김윤정 글,EBS Books(한국교육방송공사),종이책,
유즈키 아사코 지음;권남희 옮김,이봄,종이책,
최재천 지음,김영사,종이책,
강화길 지음,문학동네,종이책,
요슈타인 가아더 지음;손화수 옮김,RHK(알에이치코리아),종이책,
중국을 읽어주는 중국어교사모임 지음,민규,종이책,
정세랑 지음,창비,종이책,
장류진 지음,창비,종이책,
사와무라 이치 지음;오민혜 옮김,한스미디어(한즈미디어),종이책,
루스 베이더 긴즈버그 지음;이나경 옮김,블랙피쉬(백도씨),종이책,
베르나르 베르베르 지음;전미연 옮김,열린책들,종이책,
베르나르 베르베르 지음;전미연 옮김,열린책들,종이책,
한창수 지음,RHK(알에이치코리아),종이책,
희렌 최 지음,유영(다산북스),종이책,
가즈오 이시구로 지음;홍한별 옮김,민음사,종이책,
요나스 요나손 지음;임호경 옮김,열린책들,종이책,
한강 지음,문학동네,종이책,
데이비드 그레이버 지음;김병화 옮김,민음사,종이책,
넬라 라슨 지음;서숙 옮김,민음사,종이책,
아밀 지음,비채,종이책,
파울로 코엘료 지음;김동성 그림;민은영 옮김,문학동네,종이책,
이미예 지음,팩토리나인,종이책,
고정욱 지음;마노 그림,애플북스,종이책,
정해연 지음,엘릭시르(문학동네),종이책,
프레드릭 배크만 지음;이은선 옮김,다산책방(다산북스),종이책,
장은진 지음,문학동네,종이책,
우사미 린 지음;이소담 옮김,M창비(미디어창비),종이책,
은유 지음,창비,종이책,
에릭 와이너 지음;김하현 옮김,어크로스,종이책,
최형욱 지음,한스미디어(한즈미디어),종이책,
조현준 지음,채륜,종이책,
유필화 지음,흐름,종이책,
이숙인 지음,한겨레,종이책,
스티븐 킹 지음;이은선 옮김,황금가지,종이책,
정명섭;박지선 [공]지음,책담,종이책,
설혜심 지음,휴머니스트,종이책,
박승오 글;하수정 그림,풀빛,종이책,
제니퍼 코너-스미스 글;홍석윤 옮김,오유아이,종이책,
알렉스 룽구 지음,수오서재,종이책,
최상희 지음,창비,종이책,
나카무라 히로미;토모나리 쿄코;미츠도메 레이코 [공]지음;방현희 옮김,한스미디어(한즈미디어),종이책,
이현경;김정여 공지음,다락원,종이책,
김원배 지음,애플북스(비전비앤피),종이책,
최승후 지음,북스토리,종이책,
이동준 지음,캠퍼스멘토,종이책,
박선경 저,캠퍼스멘토,종이책,
심주아 지음,캠퍼스멘토,종이책,
권여선 지음;박재인 그림,창비,종이책,
애덤 그랜트 지음;이경식 옮김,한국경제신문(한경BP),종이책,
단꿈아이 글;스튜디오 담 만화,단꿈아이,종이책,
선우정아 노래;곽수진 그림,언제나북스,종이책,
강방천;존 리 [공]지음,페이지2북스,종이책,
아리미 신아림 지음,레시피팩토리,종이책,
심용환 지음,빅피시,종이책,
송은호 지음,다른,종이책,
문부일 지음,다른,종이책,
매트 헤이그 지음;노진선 옮김,인플루엔셜,종이책,
월터 테비스 지음;나현진 옮김,연필,종이책,
김재훈 글·그림;서정욱 글,카시오페아,종이책,
학연플러스 편집부 지음;김신혜 옮김;카나;모도로카 [공]그림,뜨인돌,종이책,
오대우;이지현;이정우 [공]지음,whale books(웨일북),종이책,
이진미 지음,다른,종이책,
한국이주여성인권센터 엮음,오월의봄,종이책,
박승일 지음,사월의책,종이책,
비카스 샤 지음;임경은 옮김,인플루엔셜,종이책,
을냥이 글·그림,스튜디오오드리,종이책,
최보은 지음,드림널스,종이책,
케이트 만 지음;하인혜 옮김,오월의봄,종이책,
황정은 외 지음,큐큐(QQ),종이책,
정혜윤 지음,위고,종이책,
김초엽 지음,자이언트북스,종이책,
송원근 지음,다람,종이책,
이금이 지음,밤티,종이책,
홋타 슈고 지음;윤지나 옮김,서사원,종이책,
찬타 지음;이소담 옮김,라이팅하우스,종이책,
메리 쿠비카 지음;신솔잎 옮김,해피북스투유,종이책,
오가와 이토 지음;박우주 옮김,달로와,종이책,
에스더 D. 로스블룸;캐슬린 A. 브레호니 [공]엮음;알·알 옮김,봄알람,종이책,
이금이 지음,밤티,종이책,
이금이 지음,밤티,종이책,
C. S. 루이스 지음;윤종석 옮김,두란노서원,종이책,
토끼;핫도그 [공]지음,텍스트칼로리,종이책,
이치조 미사키 지음;권영주 옮김,모모(바이포엠),종이책,
박태웅 지음,한빛비즈,종이책,
권순우 지음,포레스트북스,종이책,
홍명교 지음,빨간소금,종이책,
제이미 컨 리마 지음;한원희 옮김,유노북스,종이책,
김가혜 지음,와이즈맵,종이책,
아이걸음 지음,혜다,종이책,
심용환 지음,빅피시,종이책,
오건영 지음,Page2(페이지2),종이책,
이기쁨 지음,다빈치books,종이책,
박찬선 지음,이담Books(한국학술정보),종이책,
조원경 지음,페이지2북스,종이책,
공우석 지음,메이트북스(원앤원콘텐츠그룹),종이책,
권비영 지음,특별한서재,종이책,
박찬국 지음,21세기북스 ,종이책,
박찬국 지음,21세기북스 ,종이책,
김용환 [외]지음,씨아이알,종이책,
김진영 지음,한겨레출판,종이책,
김진영 지음,한겨레출판,종이책,
"로버트 D. 캐플런 지음 ;김용민,;최난경 옮김",글항아리,종이책,
"로버트 D. 캐플런 지음 ;김용민,;최난경 옮김",글항아리,종이책,
"로버트 D. 캐플런 지음 ;김용민,;최난경 옮김",글항아리,종이책,
"로버트 D. 캐플런 지음 ;김용민,;최난경 옮김",글항아리,종이책,
"로버트 D. 캐플런 지음 ;김용민,;최난경 옮김",글항아리,종이책,
시라이시 다쿠 지음 ;이인호 옮김,플루토,종이책,
시라이시 다쿠 지음 ;이인호 옮김,플루토,종이책,
한진수 지음,해냄출판사,종이책,
한진수 지음,해냄출판사,종이책,
임태운 지음,시공사,종이책,
김지수 지음,열림원,종이책,
김태훈 지음,다산에듀 ,종이책,
김태훈 지음,다산에듀 ,종이책,
김호연 지음,나무옆의자,종이책,
모건 하우절 지음 ;이지연 옮김,인플루엔셜,종이책,
데일 카네기 지음 ;임상훈 옮김,현대지성,종이책,
차민주 지음,자음과모음,종이책,
김태욱 지음,새로운제안,종이책,
샌드라 거스 지음 ;지여울 옮김,윌북,종이책,
이문영 지음,서해문집,종이책,
김도현 [외]지음,곰곰 ,종이책,
닉 채터 지음 ;김문주 옮김,Whale Books ,종이책,
한창수 지음,알에이치코리아,종이책,
한창수 지음,알에이치코리아,종이책,
임태운 지음,시공사,종이책,
김지수 지음,열림원,종이책,
김태훈 지음,다산에듀 ,종이책,
김태훈 지음,다산에듀 ,종이책,
김호연 지음,나무옆의자,종이책,
모건 하우절 지음 ;이지연 옮김,인플루엔셜,종이책,
데일 카네기 지음 ;임상훈 옮김,현대지성,종이책,
차민주 지음,자음과모음,종이책,
김태욱 지음,새로운제안,종이책,
샌드라 거스 지음 ;지여울 옮김,윌북,종이책,
이문영 지음,서해문집,종이책,
김도현 [외]지음,곰곰 ,종이책,
닉 채터 지음 ;김문주 옮김,Whale Books ,종이책,
한창수 지음,알에이치코리아,종이책,
한창수 지음,알에이치코리아,종이책,
딜루트 지음,동녘,종이책,
심지연;정혜련 [공]지음,새로미,종이책,
"오덕원,심재훈,이규완,정신호 공저",학지사메디컬,종이책,
원태연 지음;배정애 캘리그라피;히조 삽화,북로그컴퍼니,종이책,
캠퍼스멘토 [편],캠퍼스멘토,종이책,
이금이 지음,창비,종이책,
이금이 지음,창비,종이책,
이금이 지음,창비,종이책,
김수현 글·그림,놀,종이책,
김수현 글·그림,놀,종이책,
김수현 글·그림,놀,종이책,
빌 브라이슨 지음;이한음 옮김,까치,종이책,
빌 브라이슨 지음;이한음 옮김,까치,종이책,
빌 브라이슨 지음;이한음 옮김,까치,종이책,
빌 브라이슨 지음;이한음 옮김,까치,종이책,
필로 편집부 편,매거진 필로,종이책,
필로 편집부 편,매거진필로,종이책,
필로 편집부 편,매거진필로,종이책,
콜슨 화이트헤드 지음;김승욱 옮김,은행나무,종이책,
필로 편집부 편,매거진필로,종이책,
이언 스튜어트 지음;장영재 옮김,북라이프,종이책,
빌 브라이슨 지음;이한음 옮김,까치,종이책,
빌 브라이슨 지음;이한음 옮김,까치,종이책,
빌 브라이슨 지음;이한음 옮김,까치,종이책,
빌 브라이슨 지음;이한음 옮김,까치,종이책,
김연수 지음,문학동네,종이책,
정세랑 지음,문학동네,종이책,
김상욱 지음,동아시아,종이책,
신카이 마코토 지음;치코 그림;민경욱 옮김,대원씨아이,종이책,
빅터 프랭클 지음;이시형 옮김,청아출판사,종이책,
양정무 지음;김지희 지도·일러스트레이션,사회평론,종이책,
조원재 지음,블랙피쉬(백도씨),종이책,
유발 하라리 원작;다비드 반데르묄렝 각색;다니엘 카사나브 그림;김명주 옮김,김영사,종이책,
천선란 지음,허블,종이책,
모드 쥘리앵 지음;윤진 옮김,복복서가,종이책,
정세랑 지음,문학동네,종이책,
중국을 읽어주는 중국어교사모임 지음,민규,종이책,
중국을 읽어주는 중국어교사모임 지음,민규,종이책,
중국을 읽어주는 중국어교사모임 지음,민규,종이책,
중국을 읽어주는 중국어교사모임 지음,민규,종이책,
염지현 지음,팜파스,종이책,
최영기 지음,21세기북스,종이책,
아들린 디외도네 지음;박경리 옮김,arte(아르테),종이책,
임홍택 지음,Whale Books(웨일북),종이책,
박용호 지음,길벗이지톡,종이책,
조예은 지음,안전가옥,종이책,
조너선 드로리 지음;루실 클레르 그림;조은영 옮김,시공사,종이책,
조경숙 지음,코난북스,종이책,
후카노 도시유키 지음;조태동 옮김,우듬지,종이책,
조경규 글·그림,씨네21북스(한겨레),종이책,
김범묵;박정란 [공]지음,북트리거,종이책,
정현주 지음,중앙books(중앙일보플러스),종이책,
마르쿠스 베른센 인터뷰·글;오연호 기획·편역,오마이북,종이책,
김신회 지음,제철소,종이책,
레몬심리 지음;박영란 옮김,갤리온(웅진씽크빅),종이책,
W. 휴 미실다인 지음;이석규;이종범 [공]옮김,일므디,종이책,
매들린 밀러 지음;이은선 옮김,이봄(문학동네),종이책,
스티븐 존슨 지음;김명남 옮김,김영사,종이책,
이소라 글·그림,그리고책,종이책,
니콜라스 카 지음;최지향 옮김,청림,종이책,
김행숙 지음,문학과지성사,종이책,
레오 버스카글리아 지음;이은선 옮김,홍익,종이책,
알퐁스 도데 글;피치마켓 번안,Peach Market(피치마켓),종이책,
알퐁스 도데 글;피치마켓 번안,Peach Market(피치마켓),종이책,
조예원 글·사진,그물코,종이책,
레일라 슈넵스;코랄리 콜메즈 [공]지음;김일선 옮김,아날로그(글담),종이책,
윤기태 지음,한빛미디어,종이책,
나윤희 지음,RHK(알에이치코리아),종이책,
김승호 지음,스노우폭스북스,종이책,
조예은 지음,안전가옥,종이책,
오은영 글;차상미 그림,김영사,종이책,
중국을 읽어주는 중국어교사모임 지음,민규,종이책,
백수린 지음,문학동네,종이책,
조남주 지음,문학동네,종이책,
윤성희 외 지음,다산책방(다산북스),종이책,
김누리 지음,해냄,종이책,
팀 마샬 지음;그레이스 이스턴;제시카 스미스 [공]그림;서남희 옮김,비룡소,종이책,
이금이 지음,창비,종이책,
매들린 밀러 지음;이은선 옮김,이봄(문학동네),종이책,
정세랑 지음,아작,종이책,
김상균 지음,플랜비디자인,종이책,
김상균 지음,플랜비디자인,종이책,
EBS 지음,한국교육방송공사(EBSi),종이책,
이시형 지음,매일경제신문사(매경출판),종이책,
엘리자베스 스트라우트 지음;정연희 옮김,문학동네,종이책,
김지형 지음,북앤에듀(에스엔씨퍼블리싱),종이책,
콜슨 화이트헤드 지음;김승욱 옮김,은행나무,종이책,
류리나 지음;이에스더 옮김,리드리드,종이책,
파트리크 쥐스킨드 지음;강명순 옮김,열린책들,종이책,
신현수 지음,자음과모음,종이책,
한정주 지음,다산초당,종이책,
조지 오웰 지음;이정서 옮김,새움,종이책,
히가시노게이고,소미미디어,종이책,
켈리 맥고니걸 지음;박미경 옮김,Andromedian(안드로메디언),종이책,
빌 브라이슨 지음;이한음 옮김,까치,종이책,
오승현 글;안다연 그림,개암나무,종이책,
나가노 제임스 슈이치 지음;박재현 옮김,랜딩북스,종이책,
김용섭 지음,부키,종이책,
박한슬 지음,북트리거(지학사),종이책,
이연주 지음;김미옥 논평,포르체,종이책,
조영무 지음,쌤앤파커스,종이책,
데이비드 A. 싱클레어;매슈 D. 러플랜트 [공]지음;이한음 옮김,부키,종이책,
열정로즈 지음,길벗,종이책,
다나카 다카히코 지음;신은주 옮김,더퀘스트(길벗),종이책,
수잰 레드펀 지음;김마림 옮김,열린책들,종이책,
찰스 디킨스 지음;황금진 옮김,더 스토리,종이책,
대니얼 클라인;토마스 캐스카트 [공]지음;안진이 옮김,더퀘스트(길벗),종이책,
김소연 지음,달,종이책,
이수정 외 지음,민음사,종이책,
김재식 지음,위즈덤하우스,종이책,
송정림 지음,위즈덤하우스,종이책,
히가시노 게이고 지음;최고은 옮김,RHK(알에이치코리아),종이책,
박서련 지음,민음사,종이책,
추적단 불꽃 지음,이봄,종이책,
정재승 지음,어크로스,종이책,
모드 쥘리앵 지음;윤진 옮김,복복서가,종이책,
캐럴라인 냅 [지음];김명남 옮김,바다,종이책,
기욤 뮈소 지음;양영란 옮김,밝은세상,종이책,
김윤정 지음,다산북스,종이책,
김주하 지음,위즈덤하우스,종이책,
더글라스 케네디 지음;조동섭 옮김,밝은세상,종이책,
무루 지음,어크로스,종이책,
구병모 외 지음,미디어창비,종이책,
백종원 지음,서울문화사,종이책,
최인선 외 지음,미디어숲,종이책,
이희성;조현정 [공]지음,미디어숲,종이책,
김종찬;배수정 [공]지음,미디어숲,종이책,
정유희;안계정;김채화 [공]지음,미디어숲,종이책,
정유희;안계정;김채화 [공]지음,미디어숲,종이책,
앤 드루얀 지음;김명남 옮김,사이언스북스,종이책,
김영숙 지음,비에이블(컬처허브),종이책,
최훈 지음,비에이블,종이책,
송영준 지음,메이븐,종이책,
유선경 지음,앤의서재,종이책,
디담;브장 [공]지음,교양인,종이책,
곽충훈;이선경;이정은 [공]지음,애플씨드북스,종이책,
미셸 딘 지음;김승욱 옮김,마티,종이책,
김선현 지음,8.0(에이트 포인트),종이책,
강양구 외 지음,천년의상상,종이책,
다이고 지음;김선숙 옮김,더메이커,종이책,
김초엽,허블,종이책,
이금이 지음,밤티,종이책,
색과 체 지음,떠오름,종이책,
김보영 지음,아작,종이책,
장경철 지음,생각지도,종이책,
김이환 외 지음,생각학교,종이책,
김지연  외 지음,큐큐(QQ),종이책,
하재영 지음,라이프앤페이지,종이책,
김진명 지음,이타북스,종이책,
옥타비아 버틀러 지음;이수현 옮김,비채(김영사),종이책,
조 메노스키 지음;정윤희 번역,핏북,종이책,
천선란 지음,허블,종이책,
고규영 외 지음,동아시아,종이책,
브렌던 오도너휴 지음;허성심 옮김,포레스트북스,종이책,
존 리 지음,지식노마드,종이책,
김범주 지음,바이북스,종이책,
문경연 지음,뜨인돌,종이책,
김경달;씨로켓리서치랩 [공]지음,이은북,종이책,
홍세화 외 지음,교육공동체 벗,종이책,
오찬호 글;소복이 그림,나무를심는사람들,종이책,
백수연 지음,보랏빛소,종이책,
서민아 지음,어바웃어북,종이책,
짐 로저스 지음;전경아 옮김,리더스북(웅진씽크빅),종이책,
글렌디 밴더라 지음;한원희 옮김,걷는나무(웅진씽크빅),종이책,
조선희 지음,한겨레,종이책,
이시이 도모히코 지음;양지연 옮김,김영사,종이책,
레몬심리 지음;박영란 옮김,갤리온(웅진씽크빅),종이책,
재스퍼 드윗,시월이일,종이책,
지엔치펑 외 지음;박선희;문경희 [공]옮김,리플레이,종이책,
유지혜 지음,어떤책,종이책,
배명훈 지음,자이언트북스,종이책,
김하연 지음,특별한서재,종이책,
버지니아 울프 지음;이미애 옮김,민음사,종이책,
캐롤라인 타가트 지음;서정원 옮김,프로제,종이책,
신지나 지음,다른,종이책,
오건영 지음,페이지2,종이책,
잭 보언 지음;하정임 옮김,다른,종이책,
도서출판 홀수 편집팀 엮음,홀수,종이책,
최태성 글;김연큐 그림,메가스터디Books,종이책,
캐럴라인 줍 지음;캐럴라인 아버 사진;메이 옮김,봄날의책,종이책,
최원영 지음,티더블유아이지,종이책,
최원영 지음,티더블유아이지,종이책,
조 바이든 지음;양진성;박진서 [공]옮김,김영사,종이책,
캐서린 아놀드 지음;서경의 옮김,황금시간,종이책,
이지성 지음,차이정원,종이책,
김원철(부동산 김사부) 지음,RHK(알에이치코리아,종이책,
이슬아 지음,문학동네,종이책,
리 하틀리 카터 지음;이영래 옮김,비즈니스북스,종이책,
신병주 지음,매일경제신문사(매경출판),종이책,
재레드 다이아몬드 지음;김진준 옮김,문학사상사,종이책,
김강원 지음,미래의창,종이책,
마크 호닉스바움 지음;김동규 옮김,커넥팅(로크미디어),종이책,
정호승 지음,비채(김영사),종이책,
김영민 지음,어크로스,종이책,
임홍택 지음,Whale Books(웨일북),종이책,
손원평 지음,은행나무,종이책,
이상권 지음,자음과모음,종이책,
정영수 지음,문학동네,종이책,
문지혁 지음,민음사,종이책,
정세랑 지음,민음사,종이책,
레프 톨스토이 지음;김선영 옮김,새움,종이책,
수전 최 지음;공경희 옮김,왼쪽주머니,종이책,
공지영 지음,위즈덤하우스,종이책,
베르나르 베르베르 지음;전미연 옮김,열린책들,종이책,
김금희 지음,문학동네,종이책,
김하영 지음,메디치미디어,종이책,
김금희 외 지음,문학동네,종이책,
빌 브라이슨 지음;이덕환 옮김,까치글방,종이책,
조원재 지음,블랙피쉬(백도씨),종이책,
마크 포사이스 지음;홍한결 옮김,윌북,종이책,
이지영 지음,쌤앤파커스,종이책,
알렉스 벨로스 지음;서종민 옮김,북라이프,종이책,
송민호;김진만;김태환 지음,미디어숲,종이책,
주현식 지음,봄풀출판,종이책,
권오현 지음,쌤앤파커스,종이책,
데이비드 S. 키더;노아 D. 오펜하임 [공]지음;고원 옮김,위즈덤하우스,종이책,
이재범 지음;최준석 그림,위즈덤하우스,종이책,
마사 누스바움 지음;임현경 옮김,RHK(알에이치코리아),종이책,
박영숙;제롬 글렌 [공]지음,비즈니스북스,종이책,
사친 처드리 지음;김은혜 옮김,비즈니스북스,종이책,
리드 헤이스팅스;에린 마이어 [공]지음;이경남 옮김,RHK(알에이치코리아),종이책,
요 네스뵈 지음;문희경 옮김,비채(김영사),종이책,
버나딘 에바리스토 지음;하윤숙 옮김,비채(김영사),종이책,
김유진 지음,토네이도,종이책,
최영기 지음,21세기북스(북이십일),종이책,
김민정 지음,21세기북스(북이십일),종이책,
김이나 지음,위즈덤하우스,종이책,
이해인;안희경 인터뷰,마음산책,종이책,
이꽃님 지음,문학동네,종이책,
유정숙 외 지음,상상아카데미,종이책,
김난도 외 지음,미래의창,종이책,
스칼릿 커티스외,월북,종이책,
마이클 샌델 지음;함규진 옮김,와이즈베리(미래엔),종이책,
데이비드 발다치 지음;김지선 옮김,북로드(더난콘텐츠그룹),종이책,
호프 자런 지음;김은령 옮김,김영사,종이책,
백승종 지음,김영사,종이책,
장정희 지음,강,종이책,
데이비드 브룩스 지음;이경식 옮김,부키,종이책,
이금이 지음,창비,종이책,
홍세화 지음,한겨레,종이책,
진구섭 [지음],푸른역사,종이책,
제니퍼 애슈턴 지음;김지혜 옮김,북라이프,종이책,
타네히시 코츠 지음;강동혁 옮김,다산책방(다산북스),종이책,
SBS스페셜 제작팀 지음,가나,종이책,
마이클 샌델 원저;신현주 글;조혜진 그림,아이세움(미래엔),종이책,
조우리 지음,사계절,종이책,
최영희 외 지음,사계절,종이책,
레몽 크노 지음;조재룡 옮김,문학동네,종이책,
허진희,문학동네,종이책,
조남주 지음,문학동네,종이책,
김영하 글·사진,복복서가,종이책,
고정욱 지음;금요일 그림,리듬문고(아름다운사람들),종이책,
이서윤;홍주연 [공]지음,수오서재,종이책,
이석원 지음,달,종이책,
류시화 엮음,수오서재,종이책,
박소영 지음,창비,종이책,
김초엽 외 지음,문학과지성사,종이책,
요한 볼프강 폰 괴테 지음;윤도중 옮김,허밍버드,종이책,
정지돈 지음,문학과지성사,종이책,
요코야마 히데오 지음;최고은 옮김,시공사,종이책,
전홍진 지음,글항아리,종이책,
이언 매큐언 지음;민승남 옮김,문학동네,종이책,
허영만;TV조선 &lt식객 허영만의 백반기행&gt 제작팀 지음,가디언,종이책,
김원희 지음,달,종이책,
김영하 지음,복복서가,종이책,
김산해 지음,휴머니스트,종이책,
법륜 지음;드로잉메리 그림,정토출판,종이책,
김수정 지음,한겨레,종이책,
아오야기 아이토 지음;이연승 옮김,한스미디어(한즈미디어),종이책,
김나경 지음,창비,종이책,
소준철 지음,푸른숲,종이책,
정은궐 지음,파란미디어,종이책,
정은궐 지음,파란미디어,종이책,
장폴 뒤부아 지음;이세진 옮김,창비,종이책,
황정은 지음,창비,종이책,
조앤 라모스 지음;김희용 옮김,창비,종이책,
안주연 지음,창비,종이책,
쥘리에트 일레르 글;세실 도르모 그림;김희진 옮김,탐(토토북),종이책,
구정화 지음,해냄,종이책,
데이비드 월러스 웰즈 지음;김재경 옮김,추수밭,종이책,
캐럴 길리건 지음;이경미 옮김,심심,종이책,
조윤제 지음,청림,종이책,
전승민 지음,팜파스,종이책,
클레어 L. 에반스 지음;조은영 옮김,해나무(북하우스),종이책,
김얀 지음,미디어창비,종이책,
최평순;다큐프라임〈인류세〉제작팀 [공]지음,해나무(북하우스),종이책,
박종서;신지나;민준홍 [공]지음,한스미디어(한즈미디어),종이책,
정철희 지음,Humanist(휴머니스트),종이책,
B.J. 포그 지음;김미정 옮김,흐름,종이책,
루이스 다트넬 지음;이충호 옮김,흐름,종이책,
퍼트리샤 포즈너 지음;김지연 옮김,북트리거,종이책,
코니 골드스미스 글;김아림 옮김,오유아이(초록개구리),종이책,
권윤재 지음,청아,종이책,
이영도 지음,황금가지,종이책,
백온유 지음,창비,종이책,
엘레나 페란테 지음;김지우 옮김,한길사,종이책,
토머스 모어 [지음];박문재 옮김,현대지성,종이책,
김초엽,허블,종이책,
이언 스튜어트 지음 ;장영재 옮김,북라이프,종이책,
빌 브라이슨 저 ;이한음 역,까치글방,종이책,
김연수 지음,문학동네,종이책,
김연수 지음,문학동네,종이책,
김연수 지음,문학동네,종이책,
김연수 지음,문학동네,종이책,
김연수 지음,문학동네,종이책,
허승 지음,북트리거 ,종이책,
김진형 지음,매일경제신문사 ,종이책,
"이-푸 투안 지음 ;윤영호,;김미선 옮김",사이,종이책,
김민섭 [외]지음,웅진지식하우스 ,종이책,
김민섭 [외]지음,웅진지식하우스 ,종이책,
진형민 지음,문학동네,종이책,
진형민 지음,문학동네,종이책,
진형민 지음,문학동네,종이책,
진형민 지음,문학동네,종이책,
진형민 지음,문학동네,종이책,
전홍진 지음,글항아리,종이책,
전홍진 지음,글항아리,종이책,
전홍진 지음,글항아리,종이책,
전홍진 지음,글항아리,종이책,
전홍진 지음,글항아리,종이책,
서지영 지음,길벗,종이책,
서지영 지음,길벗,종이책,
닉 폴슨;제임스 스콧 지음 ;;노태복 옮김,더퀘스트 ,종이책,
닉 폴슨;제임스 스콧 지음 ;;노태복 옮김,더퀘스트 ,종이책,
정진수 지음,한빛미디어,종이책,
존 윌리엄스 지음 ;김승욱 옮김,알에이치코리아,종이책,
존 윌리엄스 지음 ;김승욱 옮김,알에이치코리아,종이책,
조예은 지음,안전가옥,종이책,
나관중 원작 ;요시카와 에이지 편저 ;바른번역 번역,코너스톤,종이책,
나관중 원작 ;요시카와 에이지 편저 ;바른번역 번역,코너스톤,종이책,
이미예 지음,북닻 ,종이책,
이상 지음,9의 예술,종이책,
듀나 지음,제우미디어,종이책,
리드 헤이스팅스;에린 메이어 지음 ;이경남 옮김,알에이치코리아,종이책,
리드 헤이스팅스;에린 메이어 지음 ;이경남 옮김,알에이치코리아,종이책,
김영옥 지음,다른,종이책,
김영옥 지음,다른,종이책,
채사장 지음,whale books ,종이책,
도리스 메르틴 지음 ;배명자 옮김,다산초당 ,종이책,
도리스 메르틴 지음 ;배명자 옮김,다산초당 ,종이책,
류시화 엮음,수오서재,종이책,
타일러 라쉬 글·그림,알에이치코리아,종이책,
타일러 라쉬 글·그림,알에이치코리아,종이책,
조예은 지음,안전가옥,종이책,
나관중 원작 ;요시카와 에이지 편저 ;바른번역 번역,코너스톤,종이책,
나관중 원작 ;요시카와 에이지 편저 ;바른번역 번역,코너스톤,종이책,
이미예 지음,북닻 ,종이책,
이상 지음,9의 예술,종이책,
듀나 지음,제우미디어,종이책,
리드 헤이스팅스;에린 메이어 지음 ;이경남 옮김,알에이치코리아,종이책,
리드 헤이스팅스;에린 메이어 지음 ;이경남 옮김,알에이치코리아,종이책,
김영옥 지음,다른,종이책,
김영옥 지음,다른,종이책,
채사장 지음,whale books ,종이책,
도리스 메르틴 지음 ;배명자 옮김,다산초당 ,종이책,
도리스 메르틴 지음 ;배명자 옮김,다산초당 ,종이책,
류시화 엮음,수오서재,종이책,
타일러 라쉬 글·그림,알에이치코리아,종이책,
타일러 라쉬 글·그림,알에이치코리아,종이책,
조천호 지음,동아시아,종이책,
류시화 지음;미로코 마치코 그림,더숲,종이책,
류시화 지음;미로코 마치코 그림,더숲,종이책,
류시화 지음;미로코 마치코 그림,더숲,종이책,
필로 편집부 편,매거진필로,종이책,
필로 편집부 편,매거진필로,종이책,
필로 편집부 편,매거진필로,종이책,
이하영 지음,아모르문디,종이책,
김윤아 지음,아모르문디,종이책,
김병정 지음,아모르문디,종이책,
유지별이 글·그림,놀,종이책,
백석 지음,더스토리,종이책,
양귀자 지음,쓰다,종이책,
나태주,지혜,종이책,
오르한 파묵 지음;이난아 옮김,민음사,종이책,
오르한 파묵 지음;이난아 옮김,민음사,종이책,
정숙영 지음,미래의창,종이책,
하재연 지음,문학과지성사,종이책,
양귀자 지음,쓰다,종이책,
나동혁 지음,지상의책,종이책,
황영미 지음,문학동네,종이책,
박영현 지음,생각나눔,종이책,
김주환 지음,위즈덤하우스,종이책,
김의 지음,나무옆의자,종이책,
한진수 지음,중앙books(중앙일보플러스),종이책,
권재원 지음,메이트북스(원앤원콘텐츠그룹),종이책,
권재원 지음,메이트북스(원앤원콘텐츠그룹),종이책,
권재원 지음,메이트북스(원앤원콘텐츠그룹),종이책,
권재원 지음,메이트북스(원앤원콘텐츠그룹),종이책,
권재원 지음,메이트북스(원앤원콘텐츠그룹),종이책,
권재원 지음,메이트북스(원앤원콘텐츠그룹),종이책,
권재원 지음,메이트북스(원앤원콘텐츠그룹),종이책,
권재원 지음,메이트북스(원앤원콘텐츠그룹),종이책,
권재원 지음,메이트북스(원앤원콘텐츠그룹),종이책,
권재원 지음,메이트북스(원앤원콘텐츠그룹),종이책,
권재원 지음,메이트북스(원앤원콘텐츠그룹),종이책,
권재원 지음,메이트북스(원앤원콘텐츠그룹),종이책,
권재원 지음,메이트북스(원앤원콘텐츠그룹),종이책,
권재원 지음,메이트북스(원앤원콘텐츠그룹),종이책,
권재원 지음,메이트북스(원앤원콘텐츠그룹),종이책,
미야나가 다다마사 지음;전홍식 옮김,요다(한국출판마케팅연구소),종이책,
하나후쿠 코자루 지음;이태용 옮김,BM성안북스,종이책,
안인모 지음,위즈덤하우스,종이책,
앤절라 더크워스 지음;김미정 옮김,비즈니스북스,종이책,
이나가키 히데히로 지음;서수지 옮김,사람과나무사이,종이책,
베르나르 베르베르 지음;전미연 옮김,열린책들,종이책,
레베카 레이즌 지음;이은선 옮김,황금시간,종이책,
김승일 지음,문학과지성사,종이책,
히가시노 게이고 지음;양윤옥 옮김,현대문학,종이책,
구병모 지음,창비,종이책,
김초엽 지음;근하 그림,창비,종이책,
차영길 지음,경상대학교출판부,종이책,
차영길 지음,경상대학교출판부,종이책,
차영길 지음,경상대학교출판부,종이책,
차영길 지음,경상대학교출판부,종이책,
전창림 지음,한국문학사,종이책,
브라운스톤 지음,오픈마인드,종이책,
성정원 지음,맘에드림,종이책,
장류진 지음,창비,종이책,
이희영 지음,창비,종이책,
신송이 지음,수작걸다,종이책,
옥성일 지음,맘에드림,종이책,
최승호 지음,달아실,종이책,
권녕갑 지음,카이로스,종이책,
알베르 카뮈 지음;김화영 옮김,민음사,종이책,
사토 겐타로 지음;송은애 옮김,북라이프(비즈니스북스),종이책,
히가시노 게이고 지음;양억관 옮김,재인,종이책,
정승규 지음,반니,종이책,
박성규 지음,MID(엠아이디),종이책,
정선근 지음,아티잔(언탱글링),종이책,
이지성 지음,차이정원,종이책,
제임스 클리어 지음;이한이 옮김,비즈니스북스,종이책,
김영하 지음,문학동네,종이책,
B. A. 패리스 지음;황금진 옮김,arte(아르테),종이책,
레프 톨스토이 지음;연진희 옮김,민음사,종이책,
레프 톨스토이 지음;연진희 옮김,민음사,종이책,
찰스 다윈 지음;장대익 옮김,사이언스북스,종이책,
이윤규 지음,비즈니스북스,종이책,
히가시노 게이고 지음;양윤옥 옮김,현대문학,종이책,
이희우 지음,이콘,종이책,
마이크 마테시 지음;안희정 옮김,비즈앤비즈,종이책,
by Adam Tooze,Penguin Books,종이책,
홍성수 지음,arte(북이십일),종이책,
올더스 헉슬리 지음;안정효 옮김,태일소담,종이책,
문숙 지음,샨티,종이책,
정병익 지음,학현사,종이책,
박혜성 지음,이데아,종이책,
방일경 지음,미술문화,종이책,
김난도 외 지음,미래의창,종이책,
김종성 지음,토트,종이책,
서명숙 지음,마음의숲,종이책,
신카이 마코토,대원씨아이,종이책,
은유 지음 ; 임진실 사진,돌베개,종이책,
재레드 다이아몬드 지음;강주헌 옮김,김영사,종이책,
이은상 지음,푸른칠판,종이책,
김성효 선생님 외 14명 지음,성안당,종이책,
김만기;박보현 [공]지음,앳워크(메디치미디어),종이책,
이상석 지음,양철북,종이책,
조향미 엮음,양철북,종이책,
히가시노 게이고 지음;양윤옥 옮김,현대문학,종이책,
히가시노 게이고,현대문학,종이책,
한국영화 100년 기념사업추진위원회 엮음,돌베개,종이책,
김병희 [외]지음,시대인(시대고시기획),종이책,
주지환 지음,백산,종이책,
by Hans Rosling;Ola Rosling;Anna Rosling Ronnlund,Flatiron,종이책,
Carlo Rovelli,Penguin Books Ltd,종이책,
강창훈 지음;고세인 그림,사계절,종이책,
무적핑크;핑크잼 [공]지음,위즈덤하우스,종이책,
무적핑크;핑크잼 [공]지음,위즈덤하우스,종이책,
짐 로저스;백우진 [공]지음,비즈니스북스,종이책,
최재붕 지음,쌤앤파커스,종이책,
제임스 클리어 지음;이한이 옮김,비즈니스북스,종이책,
박현주 지음,위즈덤하우스,종이책,
김원배 지음,한국경제신문i,종이책,
브라운스톤 지음,오픈마인드,종이책,
기욤 뮈소 지음;양영란 옮김,밝은세상,종이책,
유한나 지음,북네스트,종이책,
김남희 지음,수오서재,종이책,
이동진 지음,위즈덤하우스,종이책,
송멜로디 외 지음,arte(북이십일),종이책,
루크 제닝스 지음;황금진 옮김,arte(아르테),종이책,
후지사키 사오리 지음;이소담 옮김,현대문학,종이책,
마거릿 애트우드 지음;이소영 옮김,민음사,종이책,
베키 앨버탤리 지음;신소희 옮김,돌베개,종이책,
요조;임경선 지음,문학동네,종이책,
명진 지음,다산책방(다산초당),종이책,
히가시노 게이고 지음;양윤옥 옮김,현대문학,종이책,
히가시노 게이고 지음;양윤옥 옮김,현대문학,종이책,
허수경 지음,난다,종이책,
김현섭 외 지음,메이트북스(원앤원콘텐츠그룹),종이책,
박유연 지음,원앤원북스,종이책,
메그 월리처 지음;김지원 옮김,걷는나무(웅진씽크빅),종이책,
오인칸 브레이스웨이트 지음;강승희 옮김,천문장,종이책,
박현선 지음,헤이북스,종이책,
봉준호 지음,플레인아카이브,종이책,
봉준호;한진원 [공]각본;김대환 윤색,플레인아카이브,종이책,
박지수 지음,메이트북스(원앤원콘텐츠그룹),종이책,
김씨돌 지음,리토피아,종이책,
정재영 지음,whale books(웨일북),종이책,
히가시노 게이고 지음;김남주 옮김,재인,종이책,
글배우 지음,강한별,종이책,
아르투르 쇼펜하우어 지음;김욱 옮김,지훈,종이책,
아니 에르노;미셸 포르트 [공]지음;신유진 옮김,1984 Books,종이책,
엘리스 브로치 글;켈리 머피 그림;김영선 옮김,사파리,종이책,
김명미 글·그림;정경윤 원작,YJ코믹스,종이책,
다구치 요시후미 지음;송소정 옮김,유노북스,종이책,
이기호 지음,문학과지성사,종이책,
머리 스타인 지음 ; 김창한 옮김,문예출판사,종이책,
손석희 [외] 지음,시사IN북,종이책,
권여선 지음,창비,종이책,
베아타 코리오트 지음;이은미 옮김,스노우폭스북스,종이책,
가와구치 도모카즈 지음;하진수 옮김,부키,종이책,
올리버 색스 지음 ; 양병찬 옮김,알마,종이책,
조윤호 지음,한빛비즈,종이책,
구민교;최병선 [공]지음,박영사,종이책,
이보경 지음,Gbrain(지브레인),종이책,
그레그 스타인메츠 지음;노승영 옮김,부키,종이책,
베르나르 베르베르 지음;전미연 옮김,열린책들,종이책,
베르나르 베르베르 지음;전미연 옮김,열린책들,종이책,
조남주,민음사,종이책,
야마구치 슈 지음 ; 김윤경 옮김,다산초당,종이책,
"김종봉,제갈현열 [공]지음;운아 일러스트",다산북스,종이책,
고수리 지음,수오서재,종이책,
조정래 지음,해냄,종이책,
조정래 지음,해냄,종이책,
조정래 지음,해냄,종이책,
권여선 지음,창비,종이책,
"박막례, 김유라 [공]지음",위즈덤하우스,종이책,
박종수 글·사진,BM황금부엉이,종이책,
이혁진 지음,민음사,종이책,
구본권 지음,어크로스,종이책,
마티 조프슨 지음;염성수 옮김,동아엠앤비,종이책,
모리 다쓰야 지음;전화윤 옮김,아날로그,종이책,
김은성 지음,애니북스,종이책,
김은성 지음,애니북스,종이책,
김은성 지음,애니북스,종이책,
김은성 지음,애니북스,종이책,
나이절 섀드볼트;로저 헴프슨 [공]지음;김명주 옮김,을유문화사,종이책,
조너선 실버타운 지음;노승영 옮김,서해문집,종이책,
정유정 지음,은행나무,종이책,
고바야시 야스미 지음;김은모 옮김,검은숲,종이책,
히가시노 게이고 지음;양억관 옮김,재인,종이책,
김연수 지음,컬처그라퍼,종이책,
나태주,지혜,종이책,
유지별이 글·그림,놀 ,종이책,
유지별이 글·그림,놀 ,종이책,
이나가키 히데히로 지음 ;서수지 옮김,사람과나무사이,종이책,
안성은 지음,더 퀘스트 ,종이책,
안성은 지음,더 퀘스트 ,종이책,
연세대학교 공과대학 지음,해냄출판사,종이책,
연세대학교 공과대학 지음,해냄출판사,종이책,
김초엽 지음,허블,종이책,
김초엽 지음,허블,종이책,
데일 카네기 지음 ;임상훈 옮김,현대지성,종이책,
델리아 오언스 지음 ;김선형 옮김,살림출판사,종이책,
델리아 오언스 지음 ;김선형 옮김,살림출판사,종이책,
김주환 지음,위즈덤하우스 미디어그룹,종이책,
김주환 지음,위즈덤하우스 미디어그룹,종이책,
야마구치 슈 지음 ;김윤경 옮김,다산초당 ,종이책,
야마구치 슈 지음 ;김윤경 옮김,다산초당 ,종이책,
듀나 지음,제우미디어,종이책,
에리히 프롬 지음 ;황문수 옮김,문예출판사,종이책,
민진홍;최규문 지음,한빛미디어,종이책,
전국국어교사모임 지음,H ,종이책,
제임스 클리어 지음 ;이한이 옮김,비즈니스북스,종이책,
민동석 지음,이담 Books ,종이책,
신홍엽 [외]지음,초록비책공방,종이책,
예병일 지음,다른,종이책,
예병일 지음,다른,종이책,
김초엽 지음,허블,종이책,
김초엽 지음,허블,종이책,
데일 카네기 지음 ;임상훈 옮김,현대지성,종이책,
델리아 오언스 지음 ;김선형 옮김,살림출판사,종이책,
델리아 오언스 지음 ;김선형 옮김,살림출판사,종이책,
김주환 지음,위즈덤하우스 미디어그룹,종이책,
김주환 지음,위즈덤하우스 미디어그룹,종이책,
야마구치 슈 지음 ;김윤경 옮김,다산초당 ,종이책,
야마구치 슈 지음 ;김윤경 옮김,다산초당 ,종이책,
듀나 지음,제우미디어,종이책,
에리히 프롬 지음 ;황문수 옮김,문예출판사,종이책,
민진홍;최규문 지음,한빛미디어,종이책,
전국국어교사모임 지음,H ,종이책,
제임스 클리어 지음 ;이한이 옮김,비즈니스북스,종이책,
민동석 지음,이담 Books ,종이책,
신홍엽 [외]지음,초록비책공방,종이책,
예병일 지음,다른,종이책,
예병일 지음,다른,종이책,
김초엽,허블,종이책,
이꽃님,문학동네,종이책,
필로 편집부 편,매거진필로,종이책,
필로 편집부 편,매거진필로,종이책,
필로 편집부 편,매거진필로,종이책,
김형석 지음,아모르문디,종이책,
스티븐 레비츠키;대니얼 지블랫 지음;박세연 옮김,어크로스,종이책,
한강 지음,문학동네,종이책,
한강 지음,문학과지성사,종이책,
한강 지음,문학과지성사,종이책,
한강 지음,문학과지성사,종이책,
한강 지음,문학과지성사,종이책,
한강 지음,문학과지성사,종이책,
한강 지음,문학과지성사,종이책,
한강 지음,문학과지성사,종이책,
신카이 마코토 원작;아키사카 아사히 지음;박재영 옮김,대원씨아이,종이책,
이꽃님,문학동네,종이책,
C. S. 루이스 지음;김선형 옮김,홍성사,종이책,
박지혜 지음,탐,종이책,
양정무 지음;김지희 지도·일러스트레이션,사회평론,종이책,
이사벨 아옌데 지음;권미선 옮김,민음사,종이책,
셀린 벨로크 지음;류재화 옮김,자음과모음,종이책,
반다나 싱 지음;김세경 옮김,아작,종이책,
이충환 지음,동아엠앤비,종이책,
신경림 외 지음,걷는사람,종이책,
닷 허치슨 지음;김옥수 옮김,소담출판사,종이책,
임동주 지음,마야,종이책,
"움베르토 에코,리카르도 페드리가 편저;윤병언 옮김",아르테,종이책,
안리타 지음,[발행처불명],종이책,
문목하 지음,아작,종이책,
윌리엄 셰익스피어 지음;피천득 옮김,민음사,종이책,
레베카 레이즌 지음;이은선 옮김,황금시간,종이책,
리처드 도킨스 지음;홍영남;이상임 [공]옮김,을유문화사,종이책,
신영복 지음,돌베개,종이책,
로버트 기요사키 지음;안진환 옮김,민음인,종이책,
구병모 지음,위즈덤하우스,종이책,
김주환 외 지음,북멘토,종이책,
김정희 지음,42애비뉴,종이책,
칼 세이건 지음;홍승수 옮김,사이언스북스,종이책,
미야지 슈사쿠 지음;오세웅 옮김,7분의언덕,종이책,
미야자키 마사카츠 지음;노윤주 옮김;박해리 지도 일러스트,이다미디어,종이책,
미야자키 마사카츠 지음;노윤주 옮김;박해리 지도 일러스트,이다미디어,종이책,
토드 로즈 지음;정미나 옮김,21세기북스(북이십일),종이책,
정재승 지음,어크로스,종이책,
전용준;정유희 [공]지음,미디어숲(다빈치하우스),종이책,
임경덕 지음,루비페이퍼,종이책,
송지영 지음,슬로래빗,종이책,
박소영 지음,구름서재,종이책,
사토 겐타로 지음 ; 서수지 옮김,사람과나무사이,종이책,
질 볼트 테일러 지음;장호연 옮김,월북,종이책,
리처드 도킨스 지음;홍영남;이상임 [공]옮김,을유문화사,종이책,
도리스 레싱 지음 ; 김승욱 옮김,문예출판사,종이책,
칼 세이건 지음;홍승수 옮김,사이언스북스,종이책,
정주영 지음,한국경제신문(한경BP),종이책,
김민형 지음,인플루엔셜,종이책,
알렉스 코브 지음 ; 정지인 옮김,심심,종이책,
Robert Greene,Viking,종이책,
윤형진;감소영 외 지음,새로온봄,종이책,
우에다 가즈오 지음;신은주 옮김,길벗,종이책,
미히르 데사이 지음;김홍식 옮김,부키,종이책,
박은경 지음,경향신문사,종이책,
케리 브라운 지음;도지영 옮김,시그마북스,종이책,
권영회;신해헌 [공]지음,지식인,종이책,
by James Clear,Avery Publishing Group,종이책,
Seth Godin,Portfolio Penguin,종이책,
by Seth Stephens-Davidowitz,Bloomsbury,종이책,
앤서니 기든스;필립 서튼 [공]지음;김미숙 외 옮김,을유문화사,종이책,
무적핑크;핑크잼 [공]지음,위즈덤하우스,종이책,
데일 브레드슨 지음;박준형 옮김,토네이도,종이책,
김경원 지음,세종서적,종이책,
위고 메르시에;당 스페르베르 [공]지음;최호영 옮김,생각연구소,종이책,
임홍택 지음,whalebooks(웨일북),종이책,
김현하;지음,썸앤파커스,종이책,
송주한 지음,한울림스페셜,종이책,
알렉산드리아 마르자노 레즈네비치 지음;권가비 옮김,책세상,종이책,
리처드 도킨스 지음;홍영남;이상임 [공]옮김,을유문화사,종이책,
조정래;조재면 [공]지음,해냄,종이책,
황현산 지음,난다(문학동네),종이책,
작자미상;이상구 옮김,문학동네,종이책,
조세영 지음,한겨레,종이책,
팀 페리스 지음;박선령;정지현 [공]옮김,토네이도,종이책,
오무라 오지로 지음;신정원 옮김,위즈덤하우스,종이책,
바쉬 글·그림,위즈덤하우스,종이책,
바쉬 글·그림,위즈덤하우스,종이책,
팀 페리스;박선령;정지현 [공]옮김,토네이도,종이책,
최고은 지음,경향BP,종이책,
이근식 지음,쌤앤파커스,종이책,
김도윤 글·그림,한빛비즈,종이책,
중국을읽어주는중국어교사모임 지음,세그루,종이책,
중국을읽어주는중국어교사모임 지음,세그루,종이책,
중국을읽어주는중국어교사모임 지음,세그루,종이책,
강일권;고종석 외 지음,Score(스코어),종이책,
앤지 토머스 지음;공민희 옮김,걷는나무,종이책,
엄기호 지음,나무연필,종이책,
조던 B. 피터슨 지음;강주헌 옮김,메이븐,종이책,
초등성평등연구회 지음,마티,종이책,
바보아저씨 지음,바른북스,종이책,
김선미 지음,토크쇼,종이책,
세레나 발렌티노 지음;주정자 옮김,라곰,종이책,
록산 게이 지음;노지양 옮김,사이행성,종이책,
정경윤 원작;김명미 글·그림,YJ코믹스,종이책,
김광현 저,라온,종이책,
윤덕노 지음,더난출판,종이책,
카린 지에벨 지음;이승재 옮김,밝은세상,종이책,
손영종 지음,오르트,종이책,
중국을읽어주는중국어교사모임 지음,세그루,종이책,
김상미;고정화 [공]지음,춘천교육대학교출판부,종이책,
제임스 패터슨 지음 ; 조은아 옮김,북플라자,종이책,
오구리 히로시;사사키 시즈카 [공]지음;곽범신 옮김,Denstory(알피스페이스),종이책,
정영욱 지음,부크럼,종이책,
강선재 지음,지식인하우스,종이책,
이기호 지음,마음산책,종이책,
고레에다 히로카즈 지음 ; 이지수 옮김,바다출판사,종이책,
케빈 콴 지음;이윤진 옮김,열린책들,종이책,
권여선 지음,한겨레,종이책,
레나 모제 글;스테판 르멜 사진;이주영 옮김,책세상,종이책,
린이한 지음;허유영 옮김,비채,종이책,
유시민 지음,돌베개,종이책,
최장순 지음,홍익출판사,종이책,
마르그리트 뒤라스,문학과지성사,종이책,
히가시노게이고 지음;이혁재 옮김,재인,종이책,
히가시노게이고 지음;이혁재 옮김,재인,종이책,
칼 세이건 지음;홍승수 옮김,사이언스북스,종이책,
김상욱,동아시아,종이책,
김정은,글항아리,종이책,
알렉스 코브 지음 ; 정지인 옮김,심심,종이책,
우에타니부부 지음;오승민 옮김,더숲,종이책,
김수현 글·그림,마음의숲,종이책,
박광혁 지음,어바웃어북,종이책,
최민석,비채,종이책,
조이스 캐럴 오츠,민음사,종이책,
위화,푸른숲,종이책,
데니스 루헤인 지음 ; 박미영 옮김,황금가지,종이책,
엘리자 수아 뒤사팽,북레시피,종이책,
허수경,난다,종이책,
김동식 지음,요다,종이책,
김동식 지음,요다,종이책,
이기호,현대문학,종이책,
앙드레 말로,문학동네,종이책,
허수경,문학동네,종이책,
엘렌 심 지음,북폴리오,종이책,
엘렌 심 지음,북폴리오,종이책,
엘렌 심 지음,북폴리오,종이책,
김수미 외 지음,BM성안당,종이책,
김두식,창비,종이책,
김명미 글·그림;정경윤 원작,YJ코믹스,종이책,
김명미 글·그림;정경윤 원작,YJ코믹스,종이책,
감자,42미디어콘텐츠,종이책,
사토 겐타로 지음 ; 서수지 옮김,사람과나무사이,종이책,
식식,책밥,종이책,
백상경제연구원 편저,한빛비즈,종이책,
유협,신생,종이책,
정영선,산지니,종이책,
도가와 신스케,에이케이커뮤니케이션즈,종이책,
줄리언 반스 지음 ; 정영목 옮김,다산책방,종이책,
김진영,한겨레출판,종이책,
안드레스 솔라노,은행나무,종이책,
가키야 미우 지음;김난주 옮김,왼쪽주머니,종이책,
데버라 리비,Playtime(플레이타임),종이책,
정이현 지음,현대문학,종이책,
한강 외 지음,은행나무,종이책,
최태섭,은행나무,종이책,
이승훈,경문사,종이책,
니콜라스 하이엄,승산,종이책,
니콜라스 하이엄,승산,종이책,
사쿠라이 스스무 지음;장은정 옮김,더숲,종이책,
"로널드 그레이엄, 도널드 커누스, 오렌 파타슈닉",인사이트,종이책,
김경모,미다스북스,종이책,
김경모,미다스북스,종이책,
김경모,미다스북스,종이책,
김경모,미다스북스,종이책,
김경모,미다스북스,종이책,
김경모,미다스북스,종이책,
김경모,미다스북스,종이책,
김경모,미다스북스,종이책,
김경모,미다스북스,종이책,
김경모,미다스북스,종이책,
김어준,푸른숲,종이책,
수전 팔루디,"Arte(아르테),",종이책,
데이비드그랜,프시케이숲,종이책,
소효 글·그림,필름,종이책,
요시오카 노보루 글 ; 니시 슈쿠 그림 ; 문방울 옮김,시드페이퍼,종이책,
굽시니스트 글·그림,위즈덤하우스,종이책,
굽시니스트 글·그림,위즈덤하우스,종이책,
굽시니스트 글·그림,위즈덤하우스,종이책,
로버트 비티,지학사아르볼,종이책,
정경윤 지음,가하,종이책,
타다 준이치로,BM성안당,종이책,
송기원,사이언스북스,종이책,
미치오 카쿠,김영사,종이책,
후타마세 도시후미,그린북,종이책,
닐 디그래스 타이슨,사이언스북스,종이책,
"우은진, 정충원, 조혜란",뿌리와이파리,종이책,
개빈 헤스케스 지음;배지은 옮김,반니,종이책,
와쿠이사다미 지음;조민정 옮김,그린북,종이책,
이꽃님,문학동네,종이책,
히가시노 게이고 지음 ; 양윤옥 옮김,소미미디어,종이책,
히가시노게이고,김영사,종이책,
도리스 레싱 지음 ; 김승욱 옮김,문예출판사,종이책,
뉴트 스캐맨더 지음;최인자 옮김,문학수첩리틀북,종이책,
김동환 지음,휴머니스트,종이책,
오후,동아시아,종이책,
이슬아,문학동네,종이책,
나카노 노부코,동양북스,종이책,
이반 세르게예비치 투르게네프,민음사,종이책,
김나위,다연,종이책,
정문정 지음,가나출판사,종이책,
스미노요루,소미미디어,종이책,
박재준,Kyra,종이책,
이국종 지음,흐름,종이책,
이국종 지음,흐름,종이책,
이국종 지음,흐름,종이책,
이국종 지음,흐름,종이책,
유아정,에이엠스토리,종이책,
양쯔바오,스노우폭스북스,종이책,
오사 게렌발,우리나비,종이책,
정은궐 지음,파란,종이책,
이덕일 지음,다산북스,종이책,
이덕일 지음,다산북스,종이책,
정재승 지음,어크로스,종이책,
법정스님지음;리경 엮음,김영사,종이책,
구병모 지음,민음사,종이책,
유시민 지음,돌베개,종이책,
이기호외8인[공] 지음,다산책방,종이책,
김금희 지음,창비,종이책,
오정희 지음,문학과지성사,종이책,
오정희,문학과지성사,종이책,
오정희 지음,문학과 지성사,종이책,
오정희 지음,문학과지성사,종이책,
오정희 지음,문학과지성사,종이책,
노명우,사계절,종이책,
노명우,사계절,종이책,
영주 지음,사이행성,종이책,
리차드 바크 지음;공경희 옮김,나무옆의자,종이책,
하태완 지음,위즈덤하우스,종이책,
"김명미 글,그림",와이제이코믹스,종이책,
이상섭 지음,산지ㅇ니,종이책,
퍼트리샤 에반스 지음;이강혜 옮김,북바이북,종이책,
제시카 발렌티 지음;홍지수 옮김,두시의나무,종이책,
배상훈 지음,스노우폭스,종이책,
녹색평론사 [편],녹색평론사,종이책,
자까 지음,RHK,종이책,
자까,RHK,종이책,
장강명 지음,민음사,종이책,
김성우 지음,쇤하이트,종이책,
최동민 지음,민음사,종이책,
니코스 카잔자키스 지음;유재원 옮김,문학과지성사,종이책,
최대윤.심태열 지음,중앙 북스,종이책,
미나토가나에 지음;김난주 옮김,재인,종이책,
이나은 지음 ; 명민호 그림,나무의철학,종이책,
순끼 지음,바이브릿지,종이책,
순끼 지음,바이브릿지,종이책,
순끼 지음,바이브릿지,종이책,
순끼 지음,바이브릿지,종이책,
베르나르 베르베르 지음;전미연 옮김,열린책들,종이책,
베르나르 베르베르 지음;전미연 옮김,열린책들,종이책,
"노선경 글,그림",필름,종이책,
윤고은 지음,문학과지성사,종이책,
작자미상;이다희 옮김,비룡소,종이책,
박한식.강국진 지음,부.키,종이책,
박민영 지음,북트리거,종이책,
정용실 지음,한겨레출판,종이책,
고지마 히로유키 지음;나기사와 나오그림;오시연옮김,지상사,종이책,
홍채영 지음,궁리,종이책,
"올리버 색스;자서전,이민아;옮김",알마,종이책,
게르드 브란튼베르그 지음;노옥재...[등]옮김,황금가지,종이책,
정문정 지음,가나출판사,종이책,
아오사키 유고,한스미디어,종이책,
칼 세이건 지음;홍승수 옮김,사이언스북스,종이책,
정은궐 지음,파란,종이책,
칼 세이건 지음;홍승수 옮김,사이언스북스,종이책,
게르드 브란튼베르그 지음;노옥재...[등]옮김,황금가지,종이책,
스티븐 레비츠키;대니얼 지블랫 지음 ;;박세연 옮김,어크로스,종이책,
신영복 지음,돌베개,종이책,
신영복 지음,돌베개,종이책,
김상욱 지음,동아시아,종이책,
김상욱 지음,동아시아,종이책,
정란희 글 ;양상용 그림,스콜라 ,종이책,
정란희 글 ;양상용 그림,스콜라 ,종이책,
리처드 도킨스 지음 ;홍영남;이상임 옮김,을유문화사,종이책,
김민형 지음,인플루엔셜,종이책,
리처드 도킨스 지음 ;홍영남;이상임 옮김,을유문화사,종이책,
김민형 지음,인플루엔셜,종이책,
줄리언 반스 지음 ; 정영목 옮김,다산책방,종이책,
최진영 지음,민음사,종이책,
김애란 지음,문학동네,종이책,
박준 지음,난다,종이책,
박준 지음,난다,종이책,
박준 지음,난다,종이책,
유발 하라리 지음;김명주 옮김,김영사,종이책,
유발 하라리 지음;김명주 옮김,김영사,종이책,
유발 하라리 지음;김명주 옮김,김영사,종이책,
이현석 외 지음,부키,종이책,
이현석 외 지음,부키,종이책,
이현석 외 지음,부키,종이책,
이현석 외 지음,부키,종이책,
김동식 지음,요다,종이책,
김동식 지음,요다,종이책,
김동식 지음,요다,종이책,
김동식 지음,요다,종이책,
김동식 지음,요다,종이책,
김동식 지음,요다,종이책,
김동식 지음,요다,종이책,
김동식 지음,요다,종이책,
김동식 지음,요다,종이책,
김동식 지음,요다,종이책,
"루이스 자네티 저;박만준,진기행 [공]역",K-books,종이책,
이현석 외 지음,부키,종이책,
이현석 외 지음,부키,종이책,
이현석 외 지음,부키,종이책,
이현석 외 지음,부키,종이책,
헨리 데이빗 소로우 지음;강승영 옮김,은행나무,종이책,
한강 지음,문학동네,종이책,
스미노 요루 지음;양윤옥 옮김,소미미디어,종이책,
웬들린 밴 드라닌 지음;김율희 옮김,f(에프),종이책,
신카이 마코토 지음;박미정 옮김,대원씨아이,종이책,
신카이 마코토 지음;김효은 옮김,대원씨아이,종이책,
신카이 마코토 지음;김혜리 옮김,대원씨아이,종이책,
신카이 마코토 원작;오바 와쿠 지음;김효진 옮김,대원씨아이,종이책,
"양정무 지음;조고은,함지은 [공]지도·일러스트레이션",사회평론,종이책,
"양정무 지음;조고은,함지은 [공]지도·일러스트레이션",사회평론,종이책,
김승섭 지음,동아시아,종이책,
백가희 지음,쿵,종이책,
김용운 지음,상수리,종이책,
라인홀드 니버 지음;이한우 옮김,문예출판사,종이책,
미치 앨봄 지음;공경희 옮김,살림,종이책,
오가와 이토 지음;권남희 옮김,예담,종이책,
올리버 색스 지음;조석현 옮김;이정호 그림,알마,종이책,
유시민 지음,돌베개,종이책,
김희준 지음,상상아카데미,종이책,
김희준 지음,상상아카데미,종이책,
김희준 지음,상상아카데미,종이책,
김희준 지음,상상아카데미,종이책,
김희준 지음,상상아카데미,종이책,
김희준 지음,상상아카데미,종이책,
김희준 지음,상상아카데미,종이책,
김희준 지음,상상아카데미,종이책,
김희준 지음,상상아카데미,종이책,
김희준 지음,상상아카데미,종이책,
김희준 지음,상상아카데미,종이책,
김희준 지음,상상아카데미,종이책,
김희준 지음,상상아카데미,종이책,
김희준 지음,상상아카데미,종이책,
김희준 지음,상상아카데미,종이책,
레베카 레이즌 지음;이은선 옮김,황금시간,종이책,
이상권 지음,자음과모음,종이책,
정한아 지음,문학동네,종이책,
사이먼 싱 지음;곽영직 옮김,영림카디널,종이책,
손원평 지음,은행나무,종이책,
김애란 지음,문학동네,종이책,
팀 페리스 지음;박선령;정지현 [공]옮김,토네이도,종이책,
올리버 색스 지음;조석현 옮김;이정호 그림,알마,종이책,
미치 앨봄 지음;공경희 옮김,살림,종이책,
B. A. 패리스 지음;이수영 옮김,arte(북이십일),종이책,
조한경 지음,에디터,종이책,
"Kylene Beers;Martha Hougen;Carol Jago;William L. McBride, Erik Palmer, Lydia Stack",Houghton Mifflin Harcourt,종이책,
Sy Montgomery; Elizabeth Marshall Thomas,Chelsea Green,종이책,
베키 앨버탤리 지음;신소희 옮김,돌베개,종이책,
무적핑크 지음,이마(위즈덤하우스),종이책,
한나 아렌트 지음;이진우 옮김,한길사,종이책,
에릭 리우 지음;구세희 옮김,저스트북스,종이책,
이상구 옮김,문학동네,종이책,
조광국 옮김,문학동네,종이책,
Uldis Zarins;Sandis Kondrats 지음;Jeranimo Yoo 옮김,MGHbooks(엠지에이치북스),종이책,
조앤 김 지음,Book&#35107(더스토리하우스),종이책,
다카하시 노부오 지음;신은주 옮김,길벗,종이책,
전국사회교사모임 지음,살림Friends(살림),종이책,
배명훈 지음;국민지 그림,창비,종이책,
배미주 지음;김세희 그림,창비,종이책,
박상기 지음;정원 그림,창비,종이책,
박지원 지음;김혈조 옮김,돌베개,종이책,
박지원 지음;김혈조 옮김,돌베개,종이책,
박지원 지음;김혈조 옮김,돌베개,종이책,
유용범 지음,노스보스,종이책,
세바스티앵 라시뇌;충 렝 트란 [공]지음;정한진 옮김,그린쿡,종이책,
by Michael Breen,Penguin random house,종이책,
김봉현 지음;SUIKO 그림,윌북,종이책,
요네자와 호노부 지음;김선영 옮김,엘릭시르(문학동네),종이책,
요네자와 호노부 지음;김선영 옮김,엘릭시르(문학동네),종이책,
무적핑크 지음,이마(위즈덤하우스),종이책,
김중혁 지음,위즈덤하우스,종이책,
히가시노 게이고 지음;윤성원 옮김,RHK(알에이치코리아),종이책,
스탠 비첨 지음;차백만 옮김,비즈페이퍼,종이책,
남궁인 지음,난다,종이책,
당칠공자 지음;문현선 옮김,문학동네,종이책,
B. A. 패리스 지음;이수영 옮김,arte(북이십일),종이책,
토드 부크홀츠 지음;류현 옮김,김영사,종이책,
히가시노 게이고,현대문학,종이책,
J. D. 밴스 지음;김보람 옮김,흐름(넥스트웨이브미디어),종이책,
조르주 심농 지음;임호경 옮김,열린책들,종이책,
추정경 지음,돌베개,종이책,
백창화;김병록 [공]지음,남해의봄날,종이책,
YM기획 엮음,베프북스,종이책,
중국을읽어주는중국어교사모임 지음,세그루,종이책,
중국을읽어주는중국어교사모임 지음,세그루,종이책,
중국을읽어주는중국어교사모임 지음,세그루,종이책,
박영흠 지음,반니,종이책,
나이토 요시히토 지음;김한나 옮김,유노북스,종이책,
곽해선 지음,혜다,종이책,
"다니엘 콜 (지은이), 유혜인 (옮긴이)",북플라자,종이책,
장동완 지음,리더스북(웅진씽크빅),종이책,
윤덕노 지음,더난출판,종이책,
이유남 지음,Denstory,종이책,
중국을읽어주는중국어교사모임 지음,세그루,종이책,
박의수 [외] 공저,동문사,종이책,
존 H. 밀러 지음;정형채;최화정 [공]옮김,에이도스,종이책,
이기호 지음 ; 박선경 그림,마음산책,종이책,
김홍철 지음,청어,종이책,
유시민 지음,돌베개,종이책,
경기도교육청약전작가단 지음 ; 경기도교육청 엮음 ; 김병하 그림,굿플러스북,종이책,
기욤 뮈소 지음 ; 양영란 옮김,밝은세상,종이책,
박철우 지음,지식너머,종이책,
김진애 지음 ; 김선정 일러스트,다산북스,종이책,
이동진 지음,예담,종이책,
김동식 지음,요다,종이책,
김동식 지음,요다,종이책,
히가시노게이고 지음 ; 권일영 옮김,알에이치코리아,종이책,
"중국외문출판발행사업국, 중국번역연구원",경지출판사,종이책,
조한경 지음,에디터,종이책,
베르나르 베르베르 지음;전미연 옮김,열린책들,종이책,
나카무라 후미노리,자음과모음,종이책,
박영권,예나북스,종이책,
"박성은, 김진호 지음",한나래,종이책,
박형주 지음,들녘,종이책,
이승민 지음,위즈덤하우스,종이책,
히가시노게이고 지음;김난주 옮김,재인,종이책,
NHK도카이무라임계사고취재반 지음;이와모토히로시 집필;신정원 옮김,뿌리와이파리,종이책,
김형숙 지음,뜨인돌,종이책,
야쿠마루 가쿠 지음;김성미 옮김,북플라자,종이책,
조유미 글 ; 화가율 그림,허밍버드,종이책,
조남주 외 지음,다산북스,종이책,
손원평 지음,창비,종이책,
손원평 지음,창비,종이책,
유홍준 지음,창비,종이책,
유홍준 지음,창비,종이책,
이기호 지음,문학동네,종이책,
강화길 지음,한겨레출판,종이책,
로버트 루이스 스티븐슨,펭귄 클래식 코리아,종이책,
김희경 지음,동아시아,종이책,
클레어 맥킨토시 지음 ; 공민희 옮김,나무의철학,종이책,
김윤나 지음,카시오페아,종이책,
정은궐 지음,파란,종이책,
호프 자런 지음 ; 김희정 옮김 ; 신혜우 그림,알마출판사,종이책,
"로버트 K. 레슬러, 톰 샤흐트만 [공]지음;황정하, 손명희 [공]옮김",바다출판사,종이책,
김홍철 지음,청어,종이책,
노승아,ym북스,종이책,
댄 브라운 지음;홍성영 옮김,문학수첩,종이책,
안시내 지음,처음북스,종이책,
안시내 지음,알에이치코리아,종이책,
주자청 지음;박하정 옮김,태학사,종이책,
기시 유스케 지음;이선희 옮김,창해,종이책,
김제동 [외]41인지음,샘터사,종이책,
히가시노 게이고,RHK,종이책,
안드레 애치먼 지음 ; 정지현 옮김,잔,종이책,
김지훈 지음,니들북,종이책,
김재인 지음,동아시아,종이책,
에이미 E. 허먼 지음 ; 문희경 옮김,청림출판,종이책,
박민영 지음,북트리거,종이책,
엘리아냥 지음,위치,종이책,
조재근 지음,한국문학사,종이책,
도마베치히데토 지음 ; 한진아 옮김,북클라우드,종이책,
황농문 지음,랜덤하우스,종이책,
"칼 세이건,앤 드루얀 [공]지음;김혜원 옮김",사이언스북스,종이책,
브라이언 해리스 지음;이보경 옮김,열대림,종이책,
"존  래프랜드 지음,;유영희.황규진;옮김",책보세(책으로 보는 세상),종이책,
이상권 지음,자음과모음,종이책,
스티븐 핑커 지음;김한영 옮김,소소,종이책,
"화사 외41인;지음,한국여성민우회;엮음",궁리,종이책,
조남주 외 지음,다산북스,종이책,
"미즈키 히로미;지음,카라스바 아메;일러스트,김연희;옮김",소미 미디어,종이책,
"아오사키 유고;지음,이연승 옮김",한스 미디어,종이책,
쿠보이 노리오,부산민족학교 독도학당,종이책,
정약용,한국고전번역원,종이책,
송준길 지음;정태현 옮김;이라나 평설,한국고전번역원,종이책,
라르스 케플러 지음;김효정 옮김,북플라자,종이책,
김승옥 지음,위즈덤하우스,종이책,
김승옥,위즈덤하우스,종이책,
황정은 외 지음,은행나무,종이책,
나카고시 히로시,아날로그 : 글담출판사,종이책,
유병재,비채: 김영사,종이책,
김경화 지음,다른,종이책,
빈센트 반 고흐,예담 : 위즈덤하우스 미디어그룹,종이책,
"이인수, 이무석 [같이]지음",위즈덤하우스,종이책,
무라카미 하루키 지음 ; 양억관 옮김,민음사,종이책,
이용마 지음,창비,종이책,
하지현 지음,창비,종이책,
다장쥔궈,비즈니스북스,종이책,
김주영,북라이프,종이책,
오르한 파묵,민음사,종이책,
허5파6 지음,비아북,종이책,
데이비드 시버리 지음 ; 김정한 옮김,홍익,종이책,
안드레아 오언 지음 ; 임가영 옮김,홍익,종이책,
마크 맨슨 지음 ; 한재호 옮김,갤리온,종이책,
by Yuval Noah Harari,Vintage Publishing,종이책,
고구레 다이치 지음;황미숙 옮김,갈매나무,종이책,
스미노요루 지음 ; 양윤옥 옮김,소미미디어,종이책,
KBS명견만리제작팀 지음,인플루엔셜,종이책,
조선희 지음,한겨레출판,종이책,
조선희 지음,한겨레출판,종이책,
"고영성, 신영준 [공]지음",로크미디어,종이책,
댄 브라운 지음;안종설 옮김,문학수첩,종이책,
댄 브라운 지음;안종설 옮김,문학수첩,종이책,
김영진외8,그책,종이책,
프란츠 카프카,솔출판사,종이책,
황석영 지음,문학동네,종이책,
요네자와호노부 지음 ; 김선영 옮김,엘릭시르,종이책,
황정은 지음,문학동네,종이책,
김애란 지음,문학동네,종이책,
허5파6 지음,비아북,종이책,
곽효환,교보문고,종이책,
개브리얼 제빈 지음 ; 엄일녀 옮김,루페,종이책,
"다니엘 콜 (지은이), 유혜인 (옮긴이)",북플라자,종이책,
정태규 지음;김덕기 그림,마음서재,종이책,
크리스토퍼,갈라파고스,종이책,
김서영외25,If Books(이프북스,종이책,
이케다 다이사쿠/조문부,연합뉴스동북아센터,종이책,
전국역사교사모임 지음,북멘토,종이책,
맹기완 지음,뿌리와이파리,종이책,
이남석 지음;김현영 그림,사계절,종이책,
진주현 지음;최환욱 일러스트,푸른숲,종이책,
이영숙 지음,창비,종이책,
최영희 외 지음,사계절,종이책,
이옥수 외 지음,사계절,종이책,
마이클 노스롭 지음;김영욱 옮김,책담,종이책,
프레드 울만 지음 ; 황보석 옮김,열린책들,종이책,
누카가 미오 지음;서은혜 옮김,창비,종이책,
얀네 텔러 지음 ; 정회성 옮김,현암사,종이책,
김구 지음;도진순 엮어옮김,돌베개,종이책,
권수영 지음,그리고책,종이책,
국립해양문화재연구소 글·사진,공명,종이책,
한정영 지음,다른,종이책,
진 크레이그헤드 조지 지음;이재경 옮김,별숲,종이책,
"타테야마유지,오창길,권혜선 [공]지음;이정아 옮김",스마트주니어,종이책,
월명,희망꽃,종이책,
월명,희망꽃,종이책,
월명,희망꽃,종이책,
월명,희망꽃,종이책,
월명,희망꽃,종이책,
월명,희망꽃,종이책,
월명,희망꽃,종이책,
무라카미 하루키 지음 ; 홍은주 옮김,문학동네,종이책,
무라카미 하루키 지음 ; 홍은주 옮김,문학동네,종이책,
모리스 마테를링크,아르테,종이책,
안테,D&C books(디앤씨미디어),종이책,
이현석 외 지음,부키,종이책,
문재인 지음,Bookpal(북팔),종이책,
정희재 지음,갤리온(Galleon)(웅진씽크빅),종이책,
리처드 서스킨드;대니얼 서스킨드 [공]지음;위대선 옮김,와이즈베리,종이책,
미야베 미유키 [지음];김소연 옮김,북스피어,종이책,
박수영(크롬) 지음,한스미디어(한즈미디어),종이책,
유발 하라리 지음;김명주 옮김,김영사,종이책,
위근우 지음,한울(한울엠플러스),종이책,
루스 수컵 지음;이진 옮김,수오서재,종이책,
브린디스 뵤르기빈스노티르 글;김선희 옮김;안병현 그림,한마당,종이책,
아르드날뒤르 인드리다손 지음;김이선 옮김,엘릭시르(문학동네),종이책,
베르나르 베르베르 지음;전미연 옮김,열린책들,종이책,
베르나르 베르베르 지음;전미연 옮김,열린책들,종이책,
문재인 구술;이나미 씀,다산북스,종이책,
김영하 지음,문학동네,종이책,
박용민 지음,헤이북스,종이책,
허5파6 지음,비아북,종이책,
허5파6 지음,비아북,종이책,
허5파6 지음,비아북,종이책,
피우진 지음,삼인,종이책,
이기주 지음,말글터,종이책,
서늘한여름밤 그리고 쓰다,예담(위즈덤하우스),종이책,
이수경 지음,강,종이책,
법륜 지음,정토,종이책,
스베틀라나 알렉시예비치 지음;박은정 옮김,문학동네,종이책,
손원평 지음,창비,종이책,
올리버 색스 지음;조석현 옮김;이정호 그림,알마,종이책,
박정민 지음,상상출판,종이책,
줄리언 반스 지음;송은주 옮김,다산책방,종이책,
닉 보스트롬 지음;조성진 옮김,까치글방,종이책,
황석영 지음,문학동네,종이책,
이정명 지음,은행나무,종이책,
우석훈 지음,문예,종이책,
KBS <다큐멘터리 3일> 제작팀 지음,인플루엔셜,종이책,
우에노 지즈코;미나시타 기류 [공]지음;조승미 옮김,동녘,종이책,
닐 게이먼 지음;박선령 옮김,나무의철학,종이책,
오기와라 히로시 지음;김남주 옮김,RHK(알에이치코리아),종이책,
사샤 아랑고 지음;김진아 옮김,북폴리오(미래엔),종이책,
태기수 지음,푸른영토,종이책,
이시카와 야스히로 지음;홍상현 옮김,나름북스,종이책,
<MODU>매거진 편집부;박경임 [공]글·사진,가나문화콘텐츠,종이책,
야쿠마루 가쿠 지음;김성미 옮김,북플라자,종이책,
문재인 지음;문형렬 엮음,북이십일 21세기북스,종이책,
이언 매큐언 지음;민승남 옮김,문학동네,종이책,
Makoto Shinkai 원작;Ranmaru Kotone 만화;강동욱 번역,대원씨아이,종이책,
오리가미 교야 지음;유가영 옮김,arte(북이십일),종이책,
오리가미 교야 지음;민지희 옮김,arte(북이십일),종이책,
오리가미 교야 지음;서혜영 옮김,arte(북이십일),종이책,
한국여성의전화 지음,오월의봄,종이책,
유시민 지음,돌베개,종이책,
제프리 디스티 크로익스 외 지음;편집부 엮음,책갈피,종이책,
잭 캔필드 외 엮음;공경희 옮김,원더박스,종이책,
주선희;한연수 [공]지음,홍지문,종이책,
요네자와 호노부 지음;김선영 옮김,엘릭시르(문학동네),종이책,
요네자와 호노부 지음;김선영 옮김,엘릭시르(문학동네),종이책,
마쓰모토 하지메 지음;장주원 옮김,메멘토,종이책,
기타가와 야스시 지음;[고정아 옮김],마일스톤(이퍼블릭),종이책,
황농문 지음,랜덤하우스,종이책,
댄 브라운 지음;홍성영 옮김,문학수첩,종이책,
기시 유스케 지음;이선희 옮김,창해,종이책,
박완서 지음,웅진씽크빅,종이책,
기시 유스케 지음;이선희 옮김,창해,종이책,
정은궐 지음,파란,종이책,
황농문 지음,랜덤하우스,종이책,
기시유스케 지음,창해,종이책,
이현석 [외 20인지음] ;인도주의실천의사협의회 엮음,부키,종이책,
이현석 [외 20인지음] ;인도주의실천의사협의회 엮음,부키,종이책,
유성상 지음,지식의날개 ,종이책,
김애란 지음,문학동네,종이책,
김애란 지음,문학동네,종이책,
김애란 지음,문학동네,종이책,
김애란 지음,문학동네,종이책,
김애란 지음,문학동네,종이책,
다니엘 콜 저 ;유혜인 옮김,Book plaza ,종이책,
김윤나 지음,카시오페아,종이책,
박진영 글 ;이고은 그림,위즈덤하우스,종이책,
박진영 글 ;이고은 그림,위즈덤하우스,종이책,
리사 펠드먼 배럿 지음 ;최호영 옮김,생각연구소 ,종이책,
다니엘 콜 저 ;유혜인 옮김,Book plaza ,종이책,
김윤나 지음,카시오페아,종이책,
박진영 글 ;이고은 그림,위즈덤하우스,종이책,
박진영 글 ;이고은 그림,위즈덤하우스,종이책,
리사 펠드먼 배럿 지음 ;최호영 옮김,생각연구소 ,종이책,
유발 하라리 지음;조현욱 옮김,김영사,종이책,
세라 워터스 지음;최용준 옮김,열린책들,종이책,
윤홍균 지음,심플라이프,종이책,
윤홍균 지음,심플라이프,종이책,
윤홍균 지음,심플라이프,종이책,
김상혁,문학동네시인선,종이책,
김상혁,문학동네,종이책,
표창원 지음,지식의숲,종이책,
마이클 샌델 지음;안기순 옮김,와이즈베리,종이책,
히가시노게이고 지음;양윤옥 옮김,현대문학,종이책,
"양정무 지음;조고은,함지은 [공]지도·일러스트레이션",사회평론,종이책,
"양정무 지음;조고은,함지은 [공]지도·일러스트레이션",사회평론,종이책,
에밀 아자르 지음;용경식 옮김,문학동네,종이책,
릴리언 R. 리버 글;휴 그레이 리버 그림;김소정 옮김,궁리,종이책,
조한혜정 외 지음,창비,종이책,
이문환 지음,책과나무,종이책,
박웅현 지음,북하우스,종이책,
조지 R. R. 마틴 지음;이수현 옮김,은행나무,종이책,
조지 R. R. 마틴 지음;이수현 옮김,은행나무,종이책,
움베르토 에코 지음;이윤기 옮김,열린책들,종이책,
움베르토 에코 지음;이윤기 옮김,열린책들,종이책,
윤홍균 지음,심플라이프,종이책,
박웅현 지음,북하우스(북하우스퍼블리셔스),종이책,
박웅현 지음,북하우스(북하우스 퍼블리셔스),종이책,
마이클 A. 싱어 지음;김정은 옮김,정신세계사,종이책,
히가시노게이고 지음;양윤옥 옮김,현대문학,종이책,
알퐁스 도데 글;피치마켓 번안;홍성훈 각색;혜석 그림,피치마켓,종이책,
마누엘 푸익 지음;송병선 옮김,문학동네,종이책,
마사 C. 누스바움 지음;우석영 옮김,궁리,종이책,
"박찬영,엄정훈 [공]지음",리베르스쿨,종이책,
"박찬영,엄정훈 [공]지음",리베르스쿨,종이책,
한홍구 글,철수와영희,종이책,
마이클 샌델 지음;안기순 옮김,와이즈베리,종이책,
마쓰이에 마사시 지음;김춘미 옮김,비채,종이책,
이욱연 지음,창비,종이책,
한강 지음,창비,종이책,
마크 존슨;케이틀린 갤러거 [공]지음;금창원 외 옮김,MiD(엠아이디),종이책,
은지성;이형진 [공]지음,황소북스,종이책,
은지성 지음,황소북스,종이책,
은지성 지음,황소북스,종이책,
팀 마샬 지음;김미선 옮김,사이,종이책,
구자행 씀,양철북,종이책,
기시미 이치로 ; 고가 후미타케 [공]지음 ; 전경아 옮김,인플루엔셜,종이책,
김선정 글,문학동네,종이책,
존 레이티;리처드 매닝 [공]지음;이민아 옮김,녹색지팡이,종이책,
이윤환 지음,한빛아카데미,종이책,
여에스더 지음,메디치(메디치미디어),종이책,
"기시미이치로,고가후미타케 [공]지음;전경아 옮김",인플루엔셜,종이책,
박성혁 지음,다산3.0,종이책,
김금희 지음,문학동네,종이책,
혜민 지음;이응견 그림,수오서재,종이책,
무라카미 하루키 지음;양윤옥 옮김,현대문학,종이책,
written and illustrated by Rachel Ignotofsky,Ten Speed Press,종이책,
Evan Carmichael,TarcherPerigee,종이책,
김만중 지음;심경호 옮김,문학동네,종이책,
[정지용 지음];권영민 엮음,민음사,종이책,
무적핑크 지음;이한 해설,이마(위즈덤하우스),종이책,
정세랑 지음,창비,종이책,
구자행 씀,양철북,종이책,
제니스 캐플런 지음;김은경 옮김,위너스북,종이책,
이은미 저,청람,종이책,
by Kelly McGonigal,Avery,종이책,
요네자와호노부 지음 ; 김선영 옮김,엘릭시르,종이책,
요네자와 호노부 지음 ; 김선영 옮김,엘릭시르(문학동네),종이책,
[정지용 지음];권영민 엮음,민음사,종이책,
[정지용 지음];권영민 엮음,민음사,종이책,
무적핑크 지음;이한 해설,이마(위즈덤하우스),종이책,
무적핑크 지음;이한 해설,이마(위즈덤하우스),종이책,
무적핑크 지음;이한 해설,이마,종이책,
박승오;홍승완 [공]지음,열린책들,종이책,
최은영 지음,문학동네,종이책,
강태웅 지음,창비,종이책,
이욱연 지음,창비,종이책,
움베르토 에코 지음;이윤기 옮김,열린책들,종이책,
움베르토 에코 지음;이윤기 옮김,열린책들,종이책,
폴 칼라니티 지음;이종인 옮김,흐름,종이책,
조남주 지음,민음사,종이책,
조남주 지음,민음사,종이책,
조남주 지음,민음사,종이책,
조남주 지음,민음사,종이책,
조남주 지음,민음사,종이책,
초등교육과정연구모임 지음,에듀니티,종이책,
정유정 지음,은행나무,종이책,
수 클리볼드 지음;홍한별 옮김,반비,종이책,
경기도교육청 약전작가단 지음;경기도교육청 엮음,굿플러스북,종이책,
경기도교육청 약전작가단 지음;경기도교육청 엮음,굿플러스북,종이책,
경기도교육청 약전작가단 지음;경기도교육청 엮음,굿플러스북,종이책,
경기도교육청 약전작가단 지음;경기도교육청 엮음,굿플러스북,종이책,
경기도교육청약전작가단 지음 ; 경기도교육청 엮음 ; 김병하 그림,굿플러스북,종이책,
경기도교육청 약전작가단 지음 ; 경기도교육청 엮음 ; 김병하 그림,굿플러스북,종이책,
경기도교육청 약전작가단 지음;경기도교육청 엮음,굿플러스북,종이책,
경기도교육청 약전작가단 지음;경기도교육청 엮음,굿플러스북,종이책,
경기도교육청 약전작가단 지음 ; 경기도교육청 엮음 ; 김병하 그림,굿플러스북,종이책,
경기도교육청 약전작가단 지음;경기도교육청 엮음,굿플러스북,종이책,
Richard Dawkins,Free Press,종이책,
장강명 지음,예담(위즈덤하우스),종이책,
마르셀 프루스트 지음;김희영 옮김,민음사,종이책,
박영란 지음,창비,종이책,
윤영준 지음,1458Music,종이책,
박경미 지음,동아시아,종이책,
박경미 지음,동아시아,종이책,
박경미 지음,동아시아,종이책,
박경미 지음,동아시아,종이책,
박경미 지음,동아시아,종이책,
이언 스튜어트 지음 ; 노태복 옮김,반니,종이책,
강문일 외 지음,해나무,종이책,
법륜 지음;최승미 그림,나무의마음,종이책,
황창연 지음,홍익출판사,종이책,
Colleen Belk;Virginia Borden Maier [공]저;김재근 외 역,바이오사이언스,종이책,
이경원,동아일보사,종이책,
이경원,동아일보사,종이책,
엘라 프랜시스 샌더스 지음;루시드폴 옮김,시공사,종이책,
퍼엉 글·그림,위즈덤하우스,종이책,
퍼엉 글·그림,위즈덤하우스,종이책,
히가시노 게이고 지음;김난주 옮김,재인,종이책,
히가시노게이고 지음;한성례 옮김,씨엘북스,종이책,
요네자와호노부 지음 ; 김선영 옮김,엘릭시르,종이책,
헤로도토스 지음;천병희 옮김,숲,종이책,
신현용 외 지음,교우사,종이책,
천명관 지음,예담,종이책,
은유 지음,서해문집,종이책,
정세랑 지음,민음사,종이책,
베르나르 베르베르 지음;이세욱 옮김,열린책들,종이책,
베르나르 베르베르 지음;이세욱 옮김,열린책들,종이책,
베르나르 베르베르 지음;이세욱 옮김,열린책들,종이책,
제임스 도티 지음;주민아 옮김,판미동,종이책,
"조 내버로,토니 시아라 포인터 지음",리더스북,종이책,
오윤성 지음,박영사,종이책,
김태관 [외] 지음,시너지북,종이책,
히가시노게이고 지음;양윤옥 옮김,현대문학,종이책,
청춘유리 글·사진,상상,종이책,
"박시백 글·그림;권태균 사진;박진아 영문초록;김동택, David Elkins",휴머니스트,종이책,
"박시백 글·그림;권태균 사진;홍지윤 영문초록;김동택, David Elkins",휴머니스트,종이책,
"박시백 글·그림;권태균 사진;홍지윤 영문초록;김동택, David Elkins",휴머니스트,종이책,
"박시백 글·그림;권태균 사진;강승묵 영문초록;김동택, David Elkins",휴머니스트,종이책,
"박시백 글·그림;권태균 사진;김단비 영문초록;김동택, David Elkins",휴머니스트,종이책,
최창호 지음,페이퍼로드,종이책,
엘리아냥 지음,위치,종이책,
모리스 클라인,승산,종이책,
이언 스튜어트 지음 ; 노태복 옮김,반니,종이책,
마르크 베네케 지음;김희상 옮김,Alma(알마),종이책,
움베르토 에코 지음;이윤기 옮김,열린책들,종이책,
서형 지음,후마니타스,종이책,
하퍼 리 지음;공진호 옮김,열린책들,종이책,
제리 카플란 지음 ; 신동숙 옮김,한스미디어(한즈미디어),종이책,
조남주 지음,민음사,종이책,
비스와바 쉼보르스카 지음;최성은 옮김,문학과지성사,종이책,
"로버트 라이시 지음;안진환,박슬라 [공]옮김",김영사,종이책,
문유석 지음,문학동네,종이책,
이와이지 원작;오츠이치 지음;이연승 옮김,한스미디어,종이책,
윤태영 지음,위즈덤하우스,종이책,
한강 지음,창비,종이책,
강원국 지음,메디치미디어,종이책,
조제프 앙투안 투생 디누아르 지음;성귀수 옮김,아르테,종이책,
KBS명견만리제작팀 지음,인플루엔셜,종이책,
KBS명견만리제작팀 지음,인플루엔셜,종이책,
요네자와 호노부 지음 ; 김선영 옮김,엘릭시르(문학동네),종이책,
"이케다다이사쿠,로케시찬드라 [공]지음;화광신문사 옮김",중앙books,종이책,
장 지글러 지음;유영미 옮김,갈라파고스,종이책,
헬메 하이네 지음 ; 이수영 옮김,탐,종이책,
정혁준 지음,꿈결,종이책,
정은숙 지음,사계절,종이책,
김소연 지음,비룡소,종이책,
박진형 지음,다산지식하우스,종이책,
김기태 글,내인생의책,종이책,
에른스트 H. 곰브리치 글;클리퍼드 하퍼 그림;박민수 옮김,비룡소,종이책,
아서 C. 클라크,시공사,종이책,
헨리 조지 지음,비봉,종이책,
클라우스 슈밥 지음;송경진 옮김,새로운현재(메가스터디),종이책,
도널드 그레이엄 지음;유안나 옮김,미디어샘,종이책,
고미숙 지음;박지원 원저,작은길,종이책,
히가시노 게이고 지음;임경화 옮김,RHK(알에이치코리아),종이책,
하인리히 뵐 지음;김연수 옮김,민음사,종이책,
히가시노 게이고 지음;김난주 옮김,재인,종이책,
박웅현 지음,북하우스(북하우스 퍼블리셔스),종이책,
차병직;윤재왕;윤지영 [공]지음,로고폴리스,종이책,
피터 스완슨 지음;노진선 옮김,푸른숲,종이책,
피터 스완슨 지음;노진선 옮김,푸른숲,종이책,
피터 스완슨 지음;노진선 옮김,푸른숲,종이책,
낸시 파머 글;백영미 옮김,비룡소,종이책,
로베르 데스노스 지음;이주환 옮김,?濱?,종이책,
다니엘 튜더 지음;송정화 옮김,문학동네,종이책,
리처드 브라우티건 지음;김성곤 해설;최승자 옮김,비채,종이책,
치마만다 응고지 아디치에 지음;김명남 옮김,창비,종이책,
박웅현 지음,북하우스,종이책,
김용택 지음,예담,종이책,
토마 마티외 글·그림;맹슬기 옮김,푸른지식,종이책,
말콤 글래드웰 지음;노정태 옮김,김영사,종이책,
기타가와 야스시 지음;송소영 옮김,마일스톤,종이책,
아잔 브라흐마 지음;류시화 옮김,연금술사,종이책,
박미라 지음,한빛미디어,종이책,
로빈 던바;클라이브 갬블;존 가울렛 [공]지음;이달리 옮김,처음북스,종이책,
유발 하라리 지음;조현욱 옮김,김영사,종이책,
사마천 지음;소준섭 편역,현대지성,종이책,
송경화 지음;홍영진 그림,궁리,종이책,
우타노 쇼고 지음;김은모 옮김,한스미디어,종이책,
우타노 쇼고 지음;김은모 옮김,한스미디어,종이책,
EBS 다큐프라임 <민주주의>제작팀;유규오 [공]지음,후마니타스,종이책,
"기시미이치로,고가후미타케 [공]지음;전경아 옮김",인플루엔셜,종이책,
이진오 지음,한길사,종이책,
오종우 지음,어크로스,종이책,
남궁인 지음,문학동네,종이책,
데이비드 로버트슨;빌 브린 [공]지음;김태훈 옮김,해냄,종이책,
히가시노게이고 지음;양윤옥 옮김,현대문학,종이책,
강원국 지음,메디치미디어,종이책,
박웅현 지음,북하우스(북하우스퍼블리셔스),종이책,
김상혁,문학동네시인선,종이책,
은수연 지음,이매진,종이책,
Makoto Shinkai 원작;Ranmaru Kotone 만화;강동욱 옮김,대원씨아이,종이책,
Makoto Shinkai 원작;Ranmaru Kotone 만화;강동욱 옮김,대원씨아이,종이책,
클레어 맥킨토시 지음;서정아 옮김,나무의철학,종이책,
앤절라 더크워스 지음;김미정 옮김,비즈니스북스,종이책,
에른스트 H. 곰브리치 글;클리퍼드 하퍼 그림;박민수 옮김,비룡소,종이책,
문유석 지음,문학동네,종이책,
김리연 지음,원더박스,종이책,
조남주 지음,민음사,종이책,
뉴턴사이언스 [편];강금희 옮김,뉴턴사이언스,종이책,
"양현,이현지 [공]지음",다산에듀,종이책,
문중양 지음,들녘,종이책,
안소정 지음,휴머니스트,종이책,
정경훈 지음,살림출판사,종이책,
야나기야아키라 지음;신은주 옮김,다산에듀,종이책,
한국미니픽션작가회 지음,나무와숲,종이책,
핫토리유키 지음;이용택 옮김,살림,종이책,
세야마시로 지음;이혜진 옮김,새로운현재,종이책,
최효준 지음,글라이더,종이책,
권영식 지음,글라이더,종이책,
이동섭 지음,아트북스,종이책,
릴리언 R. 리버 글;휴 그레이 리버 그림;김소정 옮김,궁리,종이책,
코난 도일 지음;정경호 옮김,SPG,종이책,
O.헨리 지음;정경호 옮김,SPG,종이책,
조정래 지음,해냄,종이책,
조정래 지음,해냄,종이책,
츠지무라미즈키 지음;이윤정 옮김,손안의책,종이책,
"한국사연구회,한일관계사학회 [공]지음",경인문화사,종이책,
배수경 지음;유인주 그림,북멘토,종이책,
사쿠라이스스무 지음;조미량 옮김,더숲,종이책,
김정희 지음;강전희 일러스트,동아일보사,종이책,
유지니아 쳉 지음;이화란 옮김,처음북스,종이책,
라파엘 로젠 지음;김성훈 옮김,반니,종이책,
박부성 지음,향연,종이책,
로저 넬슨 지음;조영주 옮김,W미디어,종이책,
로저 넬슨 지음;조영주 옮김,W미디어,종이책,
기욤 뮈소 지음;전미연 옮김,밝은세상,종이책,
"박찬영,정호일 [공]지음",리베르스쿨,종이책,
"박찬영,정호일 [공]지음",리베르스쿨,종이책,
"박찬영,정호일 [공]지음",리베르스쿨,종이책,
"박찬영,정호일 [공]지음",리베르스쿨,종이책,
"박찬영,정호일 [공]지음",리베르스쿨,종이책,
"박찬영,버질 힐라이어 [공]지음",리베르스쿨,종이책,
"박찬영,버질 힐라이어 [공]지음",리베르스쿨,종이책,
"박찬영,버질 힐라이어 [공]지음",리베르스쿨,종이책,
"박찬영,엄정훈 [공]지음",리베르스쿨,종이책,
정형남 지음,애플북스,종이책,
정형남 지음,애플북스,종이책,
정형남 지음,애플북스,종이책,
정형남 지음,애플북스,종이책,
정형남 지음,애플북스,종이책,
김남미 지음,나무의철학,종이책,
김남미 지음,나무의철학,종이책,
백선엽 지음,길벗이지톡,종이책,
유동걸 지음,한결하늘,종이책,
김남미 지음,나무의철학,종이책,
최문정 지음,다차원북스,종이책,
쑤린 지음;원녕경 옮김,다연,종이책,
"켄 로빈슨,루 애로니카 [공]지음;정미나 옮김",21세기북스,종이책,
EBS가족쇼크제작팀 지음;이현주 글,윌북,종이책,
앤절라 더크워스 지음;김미정 옮김,비즈니스북스,종이책,
샤론 모알렘 지음;정경 옮김,김영사,종이책,
윤홍균 지음,심플라이프,종이책,
마이클 샌델 지음;안기순 옮김,와이즈베리,종이책,
아툴 가완디 지음;김희정 옮김,부키,종이책,
"프리모 레비 지음;심하은,채세진 [공]옮김",북인더갭,종이책,
장만채 지음,알에이치코리아,종이책,
"크리스 코트먼,해롤드 시니츠키 지음;곽성혜 옮김",유노북스,종이책,
이기동 지음;이원진 엮음,걷는나무,종이책,
조승연 지음,와이즈베리,종이책,
허5파6 글·그림,비아북,종이책,
허5파6 글·그림,비아북,종이책,
이수연 지음,디앤씨미디어,종이책,
이수연 지음,디앤씨미디어,종이책,
이수연 지음,디앤씨미디어,종이책,
이수연 지음,디앤씨미디어,종이책,
이수연 지음,디앤씨미디어,종이책,
시니 글;혀노 그림,영컴,종이책,
기욤 뮈소 지음;임호경 옮김,밝은세상,종이책,
스테프니 메이어 지음;윤정숙 옮김,북폴리오,종이책,
유일한 지음,청어,종이책,
정은궐 지음,파란,종이책,
"이주라,진산 [공]지음",북바이북,종이책,
조남호 지음,더난에듀,종이책,
박원순 지음,중앙M＆B,종이책,
안드레아스 프란츠 지음;서지희 옮김,예문,종이책,
"장영철,정경순 [공]지음",마음의숲,종이책,
오노후유미 지음;추지나 옮김,북홀릭,종이책,
"J. R. R. 톨킨 지음;앨런 리 일러스트;김번,김보원,이미애 [공]옮김",씨앗을뿌리는사람,종이책,
"J. R. R. 톨킨 지음;앨런 리 일러스트;김번,김보원,이미애 [공]옮김",씨앗을뿌리는사람들,종이책,
윌리엄 셰익스피어 지음;최종철 옮김,민음사,종이책,
빅토르 위고 지음;정기수 옮김,민음사,종이책,
빅토르 위고 지음;정기수 옮김,민음사,종이책,
빅토르 위고 지음;정기수 옮김,민음사,종이책,
사만다 헤이즈 지음;박미경 옮김,북플라자,종이책,
J. R. R. 톨킨 지음;크리스토퍼 톨킨 엮음;김보원 옮김,씨앗을뿌리는사람,종이책,
프레드릭 배크만 지음;이은선 옮김,다산책방,종이책,
나폴레온 힐 지음;김정수 옮김,중앙경제평론사,종이책,
기욤 뮈소 지음;양영란 옮김,밝은세상,종이책,
스티븐 킹 지음;조재형 옮김,황금가지,종이책,
요 네스뵈 지음;노진선 옮김,비채,종이책,
요 네스뵈 지음;문희경 옮김,비채,종이책,
호우 글·그림,재미주의,종이책,
호우 글·그림,재미주의,종이책,
유시민 지음,생각의길,종이책,
최주영 지음,들녘,종이책,
하퍼 리 지음;공진호 옮김,열린책들,종이책,
김남미 지음,나무의철학,종이책,
김남미 지음,나무의철학,종이책,
백선엽 지음,길벗이지톡,종이책,
유동걸 지음,한결하늘,종이책,
김남미 지음,나무의철학,종이책,
최문정 지음,다차원북스,종이책,
쑤린 지음;원녕경 옮김,다연,종이책,
"켄 로빈슨,루 애로니카 [공]지음;정미나 옮김",21세기북스,종이책,
EBS가족쇼크제작팀 지음;이현주 글,윌북,종이책,
앤절라 더크워스 지음;김미정 옮김,비즈니스북스,종이책,
샤론 모알렘 지음;정경 옮김,김영사,종이책,
윤홍균 지음,심플라이프,종이책,
아툴 가완디 지음;김희정 옮김,부키,종이책,
"프리모 레비 지음;심하은,채세진 [공]옮김",북인더갭,종이책,
장만채 지음,알에이치코리아,종이책,
"크리스 코트먼,해롤드 시니츠키 지음;곽성혜 옮김",유노북스,종이책,
이기동 지음;이원진 엮음,걷는나무,종이책,
조승연 지음,와이즈베리,종이책,
윤홍균 지음,심플라이프,종이책,
기시미 이치로 ; 고가 후미타케 [공]지음 ; 전경아 옮김,인플루엔셜,종이책,
"기시미이치로,고가후미타케 [공]지음;전경아 옮김",인플루엔셜,종이책,
백종원 지음,서울문화사,종이책,
새벽달 지음,청림Life,종이책,
"J. K. 롤링,존 티퍼니,잭 손 [공]지음;잭 손 각색;박아람 옮김",문학수첩,종이책,
꼬닐리오 글·그림,예담,종이책,
허지웅 지음,문학동네,종이책,
밥 딜런 외 지음;유영일 옮김,올리브나무,종이책,
"J. K. 롤링,존 티퍼니,잭 손 [공]지음;잭 손 각색;박아람 옮김",문학수첩,종이책,
밥 딜런 지음;양은모 옮김,문학세계사,종이책,
전승환 지음,허밍버드,종이책,
박성혁 지음,다산3.0,종이책,
이금이 지음,푸른책들,종이책,
이금이 지음,푸른책들,종이책,
이금이 지음,푸른책들,종이책,
이금이 글;송진헌 그림,푸른책들,종이책,
이수종 지음,푸른책들,종이책,
기욤 뮈소 지음;양영란 옮김,밝은세상,종이책,
이순원 지음,문예중앙,종이책,
김영리 지음,라임,종이책,
이희주 지음,문학동네,종이책,
할 엘로드 지음;김현수 옮김,한빛비즈,종이책,
백영옥 지음,아르테,종이책,
전승환 지음,허밍버드,종이책,
알랭 드 보통 지음;김한영 옮김,은행나무,종이책,
정유정 지음,은행나무,종이책,
앤디 그리피스 글;테리 덴톤 그림;신수진 옮김,시공주니어,종이책,
법륜 지음;최승미 그림,나무의마음,종이책,
오은영 지음,Korea.com,종이책,
유발 하라리 지음;조현욱 옮김,김영사,종이책,
설민석 지음,세계사,종이책,
혜민 지음;이응견 그림,수오서재,종이책,
한강 지음,창비,종이책,
박희정 지음,이덴슬리벨,종이책,
김영란 지음,창비,종이책,
문유석 지음,문학동네,종이책,
다니엘 튜더 지음;송정화 옮김,문학동네,종이책,
김기수 지음,살림,종이책,
문유석 지음,21세기북스,종이책,
후루이치노리토시 지음;이언숙 옮김,민음사,종이책,
오찬호 지음,개마고원,종이책,
사만다 헤이즈 지음;박미경 옮김,북플라자,종이책,
박태하 지음,엑스북스,종이책,
박태하 지음,엑스북스,종이책,
박태하 지음,엑스북스,종이책,
박태하 지음,엑스북스,종이책,
박태하 지음,엑스북스,종이책,
박태하 지음,엑스북스,종이책,
박태하 지음,엑스북스,종이책,
박태하 지음,엑스북스,종이책,
박태하 지음,엑스북스,종이책,
박태하 지음,엑스북스,종이책,
김병완 지음,북씽크,종이책,
김병완 지음,북씽크,종이책,
김병완 지음,북씽크,종이책,
김병완 지음,북씽크,종이책,
김병완 지음,북씽크,종이책,
김병완 지음,북씽크,종이책,
김병완 지음,북씽크,종이책,
김병완 지음,북씽크,종이책,
김병완 지음,북씽크,종이책,
김병완 지음,북씽크,종이책,
사만다 헤이즈 지음;박미경 옮김,북플라자,종이책,
문성후 지음,21세기북스,종이책,
곽정은 지음,달,종이책,
한홍구 글,철수와영희,종이책,
이관노 지음,사이다,종이책,
사이먼 싱 지음;박병철 옮김,영림카디널,종이책,
이언 스튜어트 지음;안재권 옮김,반니,종이책,
야무챠 지음;김은진 옮김,Gbrain,종이책,
안소정 지음,휴머니스트,종이책,
유동환 엮음,푸른나무,종이책,
유동환 엮음,푸른나무,종이책,
유동환 엮음,푸른나무,종이책,
유동환 엮음,푸른나무,종이책,
유동환 엮음,푸른나무,종이책,
유동환 엮음,푸른나무,종이책,
유동환 엮음,푸른나무,종이책,
유동환 엮음,푸른나무,종이책,
유동환 엮음,푸른나무,종이책,
유동환 엮음,푸른나무,종이책,
유시민 글;정훈이 만화,생각의길,종이책,
유시민 글;정훈이 만화,생각의길,종이책,
유시민 글;정훈이 만화,생각의길,종이책,
유시민 글;정훈이 만화,생각의길,종이책,
유시민 글;정훈이 만화,생각의길,종이책,
유시민 글;정훈이 만화,생각의길,종이책,
유시민 글;정훈이 만화,생각의길,종이책,
유시민 글;정훈이 만화,생각의길,종이책,
유시민 글;정훈이 만화,생각의길,종이책,
유시민 글;정훈이 만화,생각의길,종이책,
유시민 지음,생각의길,종이책,
유시민 지음,생각의길,종이책,
유시민 지음,생각의길,종이책,
유시민 지음,생각의길,종이책,
유시민 지음,생각의길,종이책,
유시민 지음,생각의길,종이책,
유시민 지음,생각의길,종이책,
유시민 지음,생각의길,종이책,
유시민 지음,생각의길,종이책,
유시민 지음,생각의길,종이책,
신광재 외 지음,창비,종이책,
신광재 외 지음,창비,종이책,
신광재 외 지음,창비,종이책,
신광재 외 지음,창비,종이책,
신광재 외 지음,창비,종이책,
신광재 외 지음,창비,종이책,
신광재 외 지음,창비,종이책,
신광재 외 지음,창비,종이책,
신광재 외 지음,창비,종이책,
신광재 외 지음,창비,종이책,
"김마리아,목효정,이재연 [공]지음",이비락,종이책,
차승민 지음,에듀니티,종이책,
황연성 지음,이비락,종이책,
김주환 지음,우리학교,종이책,
케빈 리 지음,한겨레에듀,종이책,
케빈 리 지음,한겨레에듀,종이책,
신광재 외 지음,창비,종이책,
숙명여자대학교교양교육원의사소통센터 지음,경문사,종이책,
강태완 외 지음,커뮤니케이션북스,종이책,
강태완 외 지음,커뮤니케이션북스,종이책,
강태완 외 지음,커뮤니케이션북스,종이책,
강태완 외 지음,커뮤니케이션북스,종이책,
강태완 외 지음,커뮤니케이션북스,종이책,
강태완 외 지음,커뮤니케이션북스,종이책,
강태완 외 지음,커뮤니케이션북스,종이책,
강태완 외 지음,커뮤니케이션북스,종이책,
강태완 외 지음,커뮤니케이션북스,종이책,
강태완 외 지음,커뮤니케이션북스,종이책,
동길산 글;조강제 사진,예린원,종이책,
김달수 지음;배석주 옮김,대원사,종이책,
소병문 외 지음,씨앤톡,종이책,
"백제헌,유은혜,이승민 [공]지음",나무생각,종이책,
"김혜영,정훈 [공]지음",꿈결,종이책,
김범수 지음,더디퍼런스,종이책,
정세미 지음,매일경제신문사,종이책,
김창옥 지음,수오서재,종이책,
KBS명견만리제작팀 지음,인플루엔셜,종이책,
KBS명견만리제작팀 지음,인플루엔셜,종이책,
"켄 로빈슨,루 애로니카 [공]지음;정미나 옮김",21세기북스,종이책,
록산 게이 지음 ; 노지양 옮김,사이행성,종이책,
허5파6 글·그림,비아북,종이책,
허5파6 글·그림,비아북,종이책,
이수연 지음,디앤씨미디어,종이책,
이수연 지음,디앤씨미디어,종이책,
이수연 지음,디앤씨미디어,종이책,
이수연 지음,디앤씨미디어,종이책,
알랭 드 보통 지음;정영목 옮김,은행나무,종이책,
이언 스튜어트 지음;김지선 옮김,사이언스북스,종이책,
"로버트 치알디니,스티브 마틴,노아 골드스타인 [공]지음;김은령,김호 [공]옮김",21세기북스,종이책,
시니 글;혀노 그림,영컴,종이책,
기욤 뮈소 지음;임호경 옮김,밝은세상,종이책,
스테프니 메이어 지음;윤정숙 옮김,북폴리오,종이책,
유일한 지음,청어,종이책,
정은궐 지음,파란,종이책,
"이주라,진산 [공]지음",북바이북,종이책,
조남호 지음,더난에듀,종이책,
정재민 지음,황매,종이책,
박원순 지음,중앙M＆B,종이책,
이수광 지음,아름다운날,종이책,
"이토게이카쿠,엔조도 [공]지음;김수현 옮김",민음사,종이책,
선자은 지음,자음과모음,종이책,
416세월호참사 작가기록단,창비,종이책,
"J. R. R. 톨킨 지음;김번,김보원,이미애 [공]옮김",씨앗을뿌리는사람들,종이책,
"J. R. R. 톨킨 지음;김번,김보원,이미애 [공]옮김",씨앗을뿌리는사람,종이책,
"J. R. R. 톨킨 지음;김번,김보원,이미애 [공]옮김",씨앗을뿌리는사람,종이책,
"J. R. R. 톨킨 지음;김번,김보원,이미애 [공]옮김",씨앗을뿌리는사람,종이책,
"J. R. R. 톨킨 지음;김번,김보원,이미애 [공]옮김",씨앗을뿌리는사람들,종이책,
"J. R. R. 톨킨 지음;김번,김보원,이미애 [공]옮김",씨앗을뿌리는사람,종이책,
"J. R. R. 톨킨 지음;김번,김보원,이미애 [공]옮김",씨앗을뿌리는사람들,종이책,
윌리엄 셰익스피어 지음;최종철 옮김,민음사,종이책,
빅토르 위고 지음;정기수 옮김,민음사,종이책,
빅토르 위고 지음;정기수 옮김,민음사,종이책,
빅토르 위고 지음;정기수 옮김,민음사,종이책,
J. R. R. 톨킨 지음;크리스토퍼 톨킨 엮음;김보원 옮김,씨앗을뿌리는사람,종이책,
미야자키하야오 지음;최윤선 번역,대원,종이책,
프레드릭 배크만 지음;이은선 옮김,다산책방,종이책,
맥스웰 몰츠 지음;공병호 옮김,바즈니스북스,종이책,
태양의후예문전사 지음,위즈덤하우스,종이책,
앤 재닛 존슨 지음;권오열 옮김,움직이는서재,종이책,
성혜림 지음,디앤씨미디어,종이책,
성혜림 지음,디앤씨미디어,종이책,
벤저민 그레이엄 지음;제이슨 츠바이크 논평;박진곤 옮김,국일증권경제연구소,종이책,
기욤 뮈소 지음;양영란 옮김,밝은세상,종이책,
스티븐 킹 지음;조재형 옮김,황금가지,종이책,
요 네스뵈 지음;노진선 옮김,비채,종이책,
요 네스뵈 지음;문희경 옮김,비채,종이책,
호우 글·그림,재미주의,종이책,
호우 글·그림,재미주의,종이책,
안테 지음,디앤씨미디어,종이책,
최주영 지음,들녘,종이책,
하퍼 리 지음;공진호 옮김,열린책들,종이책,
이종범 지음,애니북스,종이책,
이종범 지음,애니북스,종이책,
이종범 지음,애니북스,종이책,
린다 로드리게스 맥로비 지음;노지양 옮김,이봄,종이책,
마크 앨런 스태머티 지음·그림;강은슬 옮김,미래아이,종이책,
"마르쿠스 사무엘손,베로니카 체임버스 [공]지음;이혜경 옮김",니케북스,종이책,
우노시게키 지음;신정원 옮김,교유서가,종이책,
M. 스캇 펙 지음;조종상 옮김,율리시즈,종이책,
배리 리가 지음;권도희 옮김,알에이치코리아,종이책,
배리 리가 지음;권도희 옮김,알에이치코리아,종이책,
배리 리가 지음;권도희 옮김,RHK,종이책,
요시다슈이치 지음;권남희 옮김,은행나무,종이책,
최광현 지음,부키,종이책,
오다시마유시 지음;송태욱 옮김,푸른숲,종이책,
이상림 외 지음,부키,종이책,
도로시 길먼 지음;송섬별 옮김,북로드,종이책,
도로시 길먼 지음;송섬별 옮김,북로드,종이책,
마리사 마이어 지음;김지현 옮김,북로드,종이책,
후카마치아키오 지음;양억관 옮김,오일북스,종이책,
카타리나 잉엘만순드베리 지음;정장진 옮김,열린책들,종이책,
케이트 디카밀로 글;배그램 이바툴린 그림;김경미 옮김,비룡소,종이책,
한정영 지음;이우일 일러스트,뜨인돌,종이책,
지지엔즈 지음;오혜원 옮김,지식여행,종이책,
M. J. 알리지 지음;유혜인 옮김,북플라자,종이책,
제임스 대시너 지음;공보경 옮김,문학수첩,종이책,
루트비히 비트겐슈타인 지음;박술 옮김,濱,종이책,
미켈 보쉬 야콥슨 외 지음;전혜영 옮김,율리시즈,종이책,
페터 볼레벤 지음;장혜경 옮김,이마,종이책,
데이비드 매컬로 지음;박중서 옮김,민음사,종이책,
모리사와아키오 지음;이수미 옮김,샘터,종이책,
"이토게이카쿠,엔조도 [공]지음;김수현 옮김",민음사,종이책,
테오니 파파스 지음;김소연 옮김,살림Friends,종이책,
임경선 지음,한겨레출판,종이책,
스티브 디거 지음;키와 블란츠 옮김,책이있는풍경,종이책,
원택 엮음,책읽는섬,종이책,
린다 피콘 지음;키와 블란츠 옮김,책이있는풍경,종이책,
김훈 지음,문학동네,종이책,
에밀 아자르 지음;용경식 옮김,문학동네,종이책,
파울로 코엘료 지음;이상해 옮김,문학동네,종이책,
무라카미하루키 지음;권영주 옮김,비채,종이책,
히가시노게이고 지음;이선희 옮김,자음과모음,종이책,
파울로 코엘료 지음;최정수 옮김;황중환 그림,자음과모음,종이책,
짱쩐슈에 지음;정혜주 옮김,정민미디어,종이책,
한소윤 엮음;조혜림 그림,신라,종이책,
니시가나코 지음;송태욱 옮김,은행나무,종이책,
니시가나코 지음;송태욱 옮김,은행나무,종이책,
손씨 지음,my,종이책,
서동식 지음,함께북스,종이책,
카타리나 잉엘만순드베리 지음;정장진 옮김,열린책들,종이책,
고다마아유무 지음;김윤수 옮김,가나,종이책,
"모니카 비트블룸,산드라 뤼프케스 [공]지음;서유리 옮김",동양북스,종이책,
클라우디아 링케 글;나수은 그림;문성원 옮김,미래엔,종이책,
마이클 샌델 원저;신현주 글;조혜진 그림,아이세움,종이책,
정지찬 지음,카멜레온books,종이책,
와다히데키 지음;장은주 옮김,가나출판사,종이책,
김영란 지음,창비,종이책,
오에겐자부로 지음;박승애 옮김,현대문학,종이책,
이승민 지음,위즈덤하우스,종이책,
정재승 지음,어크로스,종이책,
혜민 지음;이응견 그림,수오서재,종이책,
후쿠하라마사히로 지음;임해성 옮김,21세기북스,종이책,
무적핑크 지음;이한 해설,이마,종이책,
조윤제 지음,흐름출판,종이책,
지지엔즈 지음;오혜원 옮김,지식여행,종이책,
정민 지음,휴머니스트,종이책,
"슐로모 브레즈니츠,콜린스 헤밍웨이 [공]지음;정홍섭 옮김",흐름출판,종이책,
김대식 지음,북클라우드,종이책,
박용후 지음,프롬북스,종이책,
"존 크럼볼츠,라이언 바비노 [공]지음;이현정 옮김",프롬북스,종이책,
조벽 지음,해냄,종이책,
임재성 지음,평단,종이책,
고도원 지음,큰나무,종이책,
가토다이조 지음;김윤경 옮김,추수밭,종이책,
정여울 지음,21세기북스,종이책,
스웨이 지음;김정자 옮김,정민미디어,종이책,
이철환 글·그림,자음과모음,종이책,
칼 오베 크나우스고르 지음;손화수 옮김,한길사,종이책,
한비야 지음,푸른숲,종이책,
애덤 그랜트 지음;홍지수 옮김,한국경제신문,종이책,
이권우 지음,한겨레출판,종이책,
법륜 지음;이순형 그림,한겨레출판,종이책,
공지영 지음,한겨레출판,종이책,
김난도 지음,오우아,종이책,
이병률 지음,달,종이책,
김영하 지음,문학동네,종이책,
이지성 지음,차이,종이책,
얀도 지음;이기숙 옮김,펭귄카페,종이책,
"박영숙,제롬 글렌 [공]지음;이영래 옮김",교보문고,종이책,
강세형 지음,김영사,종이책,
쑤쑤 지음;최인애 옮김,다연,종이책,
쑤쑤 지음;김정자 옮김,다연,종이책,
쑤린 지음;원녕경 옮김,다연,종이책,
신영복 지음,돌베개,종이책,
이현수 지음,김영사,종이책,
강세형 지음,김영사,종이책,
김건호 지음,비전코리아,종이책,
토머스 프레이 지음;이미숙 옮김,북스토리,종이책,
곽정은 지음,달,종이책,
더글라스 케네디 지음;조동섭 옮김,밝은세상,종이책,
김갑동 지음,비전비엔피,종이책,
도리스 메르틴 지음;강희진 옮김,비전코리아,종이책,
리처드 뮬러 지음;조이 맨프리 그림;장종훈 옮김,살림Friends,종이책,
"조선희,최현석 [공]지음",민음사,종이책,
평화방송 엮음,소담출판사,종이책,
스베틀라나 알렉시예비치 지음;박은정 옮김,문학동네,종이책,
설레다 글·그림,알에이치코리아,종이책,
이용현 지음,북라이프,종이책,
도이다카요시 지음;신현정 번역,새움,종이책,
주경철 지음,사계절,종이책,
다비드 포앙키노스 지음;권기대 옮김,베가북스,종이책,
KBS역사저널그날제작팀 지음,민음사,종이책,
채사장 지음,웨일북,종이책,
신동명 지음,봄풀,종이책,
"라이언 노스,매슈 버나도,데이비드 맬키 [공]엮음;변용란 옮김",문학수첩,종이책,
김리연 지음,원더박스,종이책,
박상철 지음,북오션,종이책,
박상철 지음,북오션,종이책,
안병욱 지음,현대음악,종이책,
존 브룩스 지음;이충호 옮김,쌤앤파커스,종이책,
유일한 지음,청어,종이책,
"기시미이치로,고가후미타케 [공]지음;전경아 옮김",인플루엔셜,종이책,
문유석 지음,21세기북스,종이책,
정은궐 지음,파란,종이책,
"장영철,정경순 [공]지음",마음의숲,종이책,
이금이 지음,푸른책들,종이책,
이금이 지음,푸른책들,종이책,
스테프니 메이어 지음;윤정숙 옮김,북폴리오,종이책,
태원준 글·사진,북로그컴퍼니,종이책,
빅토르 위고 지음;정기수 옮김,민음사,종이책,
기욤 뮈소 지음;임호경 옮김,밝은세상,종이책,
마이클 샌델 지음;안기순 옮김,와이즈베리,종이책,
유일한 지음,청어,종이책,
유일한 지음,청어,종이책,
표창원 지음,지식의숲 ,종이책,
표창원 지음,지식의숲 ,종이책,
백석 지음,더스토리,종이책,
지웅배 지음,살림출판사,종이책,
지웅배 지음,살림출판사,종이책,
한진수 지음,해냄,종이책,
한진수 지음,해냄,종이책,
인스타리드 지음 ;양희경 옮김,멜론,종이책,
인스타리드 지음 ;양희경 옮김,멜론,종이책,
디아스포라 편집부 지음,디아스포라,종이책,
김정선 지음,유유,종이책,
윤홍균 지음,심플라이프,종이책,
인스타리드 지음 ;양희경 옮김,멜론,종이책,
인스타리드 지음 ;양희경 옮김,멜론,종이책,
디아스포라 편집부 지음,디아스포라,종이책,
김정선 지음,유유,종이책,
윤홍균 지음,심플라이프,종이책,
2026 AI 100 생존 전략 트렌드 쉴드(SHIELD),"허정필,김미희,박명순,오세현,이경준,정원치 공저",전자책,
AI 2026 트렌드&활용백과,김덕진 저,전자책,
AI 교사와 교실의 재구성,"김은하,김세광,이경림 저",전자책,
AI 교육혁명,공명식 저,전자책,
AI 버블이 온다,"아르빈드 나라야난,사야시 카푸르 저/강미경 역",전자책,
AI 쇼츠 무한 생성법,김태완 저,전자책,
AI 우리 곁에 온 기술,"L호수,AI 저",전자책,
AI 인공지능 상식 2026,박상현 저,전자책,
AI 혁명을 이끈 천재들,이승민 저,전자책,
AI가 쉬워지는 최소한의 수학,이동준 저,전자책,
AI로 읽는 한국 사회,김태종 저,전자책,
AI로 자녀 공부 돕기,이기호 저,전자책,
AI를 활용한 기적의 학습법,이선숙 저,전자책,
AI에게 나를 묻다,"김가원,정민주 저",전자책,
"AI와 경쟁하지 말고, 함께 진화하라",Ian Lee 저,전자책,
AI와 공공 도서관 독서 교육,이운형 저,전자책,
AI와 금융의 미래,나현종 저,전자책,
AI와 양자컴퓨터,최종수 저,전자책,
AI와 오감으로 세상을 즐긴다,전도근 저,전자책,
AI와 음악 교육,윤관기 저,전자책,
AI와 의학 교육,"안지현,강준석 저",전자책,
AI와 인간의 인터레이싱,"페드로 우리아-레시오 저/김동환,최영호 역",전자책,
ChatGPT 및 OpenAI 모델을 사용한 생성형 AI탐험과 프롬프트 활용 사례,"김귀훈,임현교,김주봉,최요한 공저",전자책,
ChatGPT로 시작하는 대화형 인공지능 활용법,김상윤 저,전자책,
EBS 다큐프라임 자본주의,EBS 자본주의 제작팀 저/EBS MEDIA 기획,전자책,
[단독] 밑바닥부터 시작하는 딥러닝 5,사이토 고키 저/개앞맵시(이복연) 역,전자책,
[단독] 요즘 교사를 위한 AI 수업 활용 가이드 with 2022 개정 교육과정,"박진환,공지훈,서원진 공저",전자책,
[단독] 인공지능 시대 대학 글쓰기,"김남규,김진희,김형규,박재연,석형락,이병훈,이숙희,이재원,이재황,이현석,정홍섭,최고원,최용찬 저",전자책,
『라이프 3.0』 쉽게 읽기,렛베일북스 편집부 저,전자책,
가시고기,조창인 저,전자책,
개발자를 위한 필수 수학,토머스 닐드 저/박해선 역,전자책,
고등학생을 위한 인공지능학,루미너리북스 교육출판 에디팅 팀 저,전자책,
교사가 사라진 AI교실,윤태현 저,전자책,
교사를 위한 AI 툴,임태형 저,전자책,
교사와 학생을 위한 챗GPT 완벽 가이드,조정연 저,전자책,
교육 분야의 자동화 기술,박혜진 저,전자책,
기계는 어떻게 생각하고 학습하는가,"뉴 사이언티스트,닉 보스트롬,넬로 크리스티아니니,존 그레이엄-커밍,피터 노빅,앤더스 샌드버그,토비 월시 공저/",전자책,
"나 혼자 책 쓰고 책 만들기, 인공지능 딸깍 출판과 책의 미래",김석준 저,전자책,
나의 첫 AI 수학,오세준 저,전자책,
날개 달린 번데기,법일 저,전자책,
"누구나 쉽게 AI 작사 & 작곡 with 생성형 인공지능, 챗GPT, 수노, 유디오","현병욱(오땡큐),신수진 공저",전자책,
누구나 쉽게 따라하는 인공지능 융합 보건수업,"이예린,최준아 저",전자책,
누구나 쉽게 배우는 인공지능 스타트 with 챗GPT,박동규 저,전자책,
대체불가능,파스칼 보넷 저/김정민 역,전자책,
댄 애리얼리 부의 감각,"댄 애리얼리,제프 크라이슬러 공저/이경식 역",전자책,
"데이터 사이언스 입문 - 데이터 분석, 머신러닝, 통계학, 프로그래밍, 시각화, 빅데이터, 인공지능",씨익북스 편집2부 저,전자책,
두 번째 지능,김상균 저,전자책,
딥러닝을 이용한 정형 데이터 분석,마크 라이언 저 /박찬성 역,전자책,
리틀 라이프 1,한야 야나기하라 저/권진아 역,전자책,
리틀 라이프 2,한야 야나기하라 저/권진아 역,전자책,
마법의 챗GPT 활용법,홍상수 저,전자책,
마음을 맡기는 보관가게,오야마 준코 저/이소담 역,전자책,
명상록,마르쿠스 아우렐리우스 저/박문재 역,전자책,
모방하는 기계들의 시대,김태훈 저,전자책,
문과생을 위한 인공지능 사물인터넷 AIoT 이야기,김석준 저,전자책,
물질의 세계,에드 콘웨이 저/이종인 역,전자책,
미래교육학자 신종우교수의 VISTA 학습법,"신종우,AI 저",전자책,
미술관에 간 수학자,이광연 저,전자책,
부분과 전체,베르너 하이젠베르크 저/유영미 역/김재영 감수,전자책,
비전공자도 이해할 수 있는 AI 지식,박상길 저/정진호 그림,전자책,
빅터 프랭클의 죽음의 수용소에서,빅터 프랭클 저/이시형 역,전자책,
생성형 AI 시대 수학 교육,"유주연,정민주 저",전자책,
생성형 인공지능 소프트웨어와 저작권,"박정인,오성택 저",전자책,
생성형 인공지능 활용법,전도근 저,전자책,
서울대학교 AI융합교육학과 인공지능 수업 가이드,"오유나,박동열,하민수,조승호,민환웅,최은수,김재훈,박소희,백지혜,심연재 등저",전자책,
세상에서 가장 쉬운 인공지능 이야기,"신종우,AI 저",전자책,
수학을 못한다는 착각,다비드 베시 저/고유경 역,전자책,
심리상담과 AI의 융합,이혜숙 저,전자책,
십 대가 알아야 할 인공지능과 4차 산업혁명의 미래,전승민 저,전자책,
양면의 조개껍데기,김초엽 저,전자책,
어른을 위한 이것이 인공지능이다,김명락 저,전자책,
어른의 인사말,이경석 저,전자책,
열정민쌤의 챗GPT&AI 수업 실전서,"원정민,권혜영,신명진,이채연 공저",전자책,
"요즘 바이브 코딩 v0 + 커서 입문 PRD 기획·개발·배포, 일주일 완성",김동학 저,전자책,
요즘 바이브 코딩 깃허브 코파일럿 31가지 프로그램 만들기,박현규 저,전자책,
요즘 바이브 코딩 안티그래비티 완벽 가이드,최지호(코드팩토리) 저,전자책,
요즘 바이브 코딩 제미나이 CLI 완벽 가이드,김진환 저,전자책,
요즘 바이브 코딩 커서 AI 30가지 프로그램 만들기,박현규 저,전자책,
요즘 바이브 코딩 코덱스 완벽 가이드,윤재원(단테) 저,전자책,
우리는 AI와 공부한다,"박찬,김병석,전수연,전은경,진성임,강윤진,김지용,김새롬,구현희,장혜진 공저",전자책,
이게 되네? AI 쇼츠 만들기 미친 자동화 22제 [동영상 강의 제공 / 프롬프트 복붙 사이트 제공 / 카카오톡 Q&A 제공],천은영 저,전자책,
이과생 아내에게 들려주는 미술사 이야기,김대능 저,전자책,
이상 시집,이상 저,전자책,
차라투스트라는 이렇게 말했다 - 니체전집 13,프리드리히 니체/정동호 역,전자책,
챗GPT와 글쓰기,김철수 저,전자책,
청소년을 위한 친절한 서양 미술사,이다 프렌티스 위트콤 저/박일귀 역,전자책,
최소한의 삼국지,최태성 저/이성원 감수,전자책,
역사의 쓸모(개정증보판),최태성 저 저,전자책,
10대를 위한 1분,김세유 저,전자책,
10대를 위한 완벽한 진로 공부법,"앤디림, 윤규훈 저",전자책,
경제학 콘서트 1,팀 하포드 저/김명철 역,전자책,
공부머리 독서법,최승필 저,전자책,
그릿: 100쇄 기념 리커버 에디션,앤절라 더크워스 저/김미정 역,전자책,
사물의 철학,함돈균 저,전자책,
생각이 많은 10대를 위한 철학 사전,황진규 저/나수은 그림,전자책,
설득의 심리학 1 (20주년 기념 개정증보판),"로버트 치알디니 저/황혜숙,임상훈 공역",전자책,
소크라테스의 변명,플라톤 저/강철웅 역,전자책,
수학을 읽어드립니다,남호성 저,전자책,
수학의 위로,마이클 프레임 저/이한음 역,전자책,
원씽,"게리 켈러,제이 파파산 공저/구세희 역",전자책,
유시민의 글쓰기 특강,유시민 저,전자책,
의대 생기부 필독서 50,신진상 저,전자책,
인간 본성의 법칙,로버트 그린 저/이지연 역,전자책,
지적 대화를 위한 넓고 얕은 지식 1,채사장 저,전자책,
철학이 필요한 시간,강신주 저,전자책,
통계의 미학,최제호 저,전자책,
미움받을 용기 (200만 부 기념 스페셜 에디션),"기시미 이치로,고가 후미타케 저/전경아 역/김정운 감수",전자책,
수학이 필요한 순간,김민형 저/편집부 역,전자책,
아주 작은 습관의 힘,제임스 클리어 저/이한이 역,전자책,
이기적 유전자 (40주년 기념판),"리처드 도킨스 저/홍영남,이상임 공역",전자책,
1년 뒤 오늘을 마지막 날로 정해두었습니다,오자와 다케토시 저/김향아 역,전자책,
The 똑똑한 청소년 시사상식,시사상식연구소 편저,전자책,
[단독] 시간을 파는 상점,김선영 저,전자책,
[단독] 열린 어둠,렌조 미키히코 저/양윤옥 역,전자책,
"가끔은, 비건",정민지 글/민디 그림,전자책,
가시 인간이 지구를 구한다,남유하 저,전자책,
경험의 멸종,크리스틴 로젠 저/이영래 역,전자책,
고독한 용의자,찬호께이 저/허유영 역,전자책,
고등학생을 위한 물리치료학개론,루미너리북스 교육출판 에디팅 팀 저,전자책,
고등학생을 위한 양자역학,루미너리북스 교육출판 에디팅 팀 저,전자책,
고등학생을 위한 언어학개론,루미너리북스 교육출판 에디팅 팀 저,전자책,
고등학생을 위한 한의학개론,루미너리북스 교육출판 에디팅 팀 저,전자책,
과학관 옆 사회교실,"이두현,김선아,박남범,진하정,조정은,김태호,박민지,태지원,권미혜,소은경,최진아,황은종 저",전자책,
그대는 나의 여름이 되세요,서덕준 저,전자책,
그런 사람 또 없습니다,원태연 저/배정애 캘리그라피/히조 삽화,전자책,
그릿 GRIT,김주환 저,전자책,
나는 북경의 택배기사입니다,후안옌 저/문현선 역,전자책,
너를 아끼며 살아라,나태주 저,전자책,
너에게로 로그인,최현주 저,전자책,
"다시, 역사의 쓸모",최태성 저 저,전자책,
"당신의 잘린, 손","배예람,클레이븐 저",전자책,
도스토옙스키를 읽다,서가윤 저,전자책,
독서법이 잘못됐습니다,아바타로 저/우다혜 역,전자책,
로스쿨에 가고 싶어졌습니다,"김성윤, 김용길 외 서울대학교 법학전문대학원 재학·졸업생 14인 저",전자책,
록산느를 위한 발라드,에드몽 로스탕 원저/김태형 편,전자책,
마이 가디언,이재문 글/무디 그림,전자책,
모르그 가의 살인,에드거 앨런 포 저/권진아 역,전자책,
문제를 해결하고 삶을 바꾸는 생존독서,생존책방(송선규) 저,전자책,
밀란 쿤데라를 읽다,김지용 저,전자책,
바다에서 온 편지,"찰스 디킨스,윌키 콜린스 등저/홍수연,이현숙 역",전자책,
박곰희 연금 부자 수업,박곰희 저,전자책,
방금 떠나온 세계,김초엽 저,전자책,
붙잡지 않는 삶,에크하르트 톨레 저/서진 편/루카 역,전자책,
빨강 머리 앤,루시 모드 몽고메리 저/김지영 역,전자책,
사랑에 빠지지 말 것 사랑을 할 것,슈히 저,전자책,
사랑은 하트 모양이 아니야,김효인 저,전자책,
사전에서 지워진 사람들,정민규 저,전자책,
산 루이스 레이의 다리,손턴 와일더 저/정해영 역/신형철 해제,전자책,
세계를 건너 너에게 갈게,이꽃님 저,전자책,
수능 만점 비밀과외,아크미 저,전자책,
수술실에서 보낸 3만 시간,김진구 저,전자책,
썸 타는 수학,임청 저,전자책,
애쓰지 않고 편안하게,김수현 저,전자책,
야구×수학,"류선규,홍석만 공저",전자책,
언젠가 우리가 같은 별을 바라본다면,차인표 저,전자책,
여섯 번째 대멸종,엘리자베스 콜버트 저/김보영 역/최재천 감수,전자책,
연금술사,파울로 코엘료 저/최정수 역,전자책,
영원을 향하여,안톤 허 저/정보라 역,전자책,
옥상에서 기다릴게,한세계 저,전자책,
왜 공감해야 하나요?,"임성미,이홍명,위영화,이유미 공저",전자책,
우리의 낙원에서 만나자,하태완 저,전자책,
우연의 의미를 찾아서,폴 핼펀 저/강성주 역,전자책,
운다고 달라지는 일은 아무것도 없겠지만,박준 저,전자책,
월든,헨리 데이비드 소로 저/정윤희 역,전자책,
윤슬의 바다,백은별 저,전자책,
"이세돌, 인생의 수읽기",이세돌 저,전자책,
이웃집 너스에이드,치넨 미키토 저/신유희 역,전자책,
이처럼 사소한 것들,클레어 키건 저/홍한별 역,전자책,
저속노화 마인드셋,정희원 저,전자책,
좋은지 나쁜지 누가 아는가,류시화 저,전자책,
죽은 시인의 사회,N.H클라인바움 저/한은주 역,전자책,
지구가 에너지 좀 바꿔 달래요!,윤정훈 저,전자책,
지금 알고 있는 걸 그때도 알았더라면,류시화 편,전자책,
지금 하지 않으면 언제 하겠는가,"팀 페리스 저/박선령,정지현 공역",전자책,
"지금, 전쟁",하영식 저,전자책,
파란하늘 빨간지구,조천호 저,전자책,
편안함의 습격,마이클 이스터 저/김원진 역,전자책,
핑거스미스,세라 워터스 저/최용준 역,전자책,
하쿠다 사진관,허태연 저,전자책,
"합스부르크, 세계를 지배하다",마틴 래디 저/박수철 역,전자책,
[단독] 벌거벗은 한국사  : 인물편,tvN STORY 〈벌거벗은 한국사〉 제작팀 저 / 최태성 감수,전자책,
[단독] 벌거벗은 한국사 : 권력편,tvN STORY 〈벌거벗은 한국사〉 제작팀 저,전자책,
가난한 아이들은 어떻게 어른이 되는가,강지나 저,전자책,
국가는 왜 실패하는가,"대런 애쓰모글루,제임스 A. 로빈슨 공저/최완규 역",전자책,
닐스 비크의 마지막 하루,프로데 그뤼텐 저/손화수 역,전자책,
바디 : 우리 몸 안내서,빌 브라이슨 저/이한음 역,전자책,
벌거벗은 세계사 01권,"tvN 「벌거벗은 세계사」 제작진 기획/이현희 글/신동민 그림/김헌,조관희 감수",전자책,
벌거벗은 세계사 02권,tvN 「벌거벗은 세계사」 제작진 기획/박효연 글/최호정 그림/김덕수 감수,전자책,
벌거벗은 세계사 03권,"tvN 「벌거벗은 세계사」 제작진 기획/김우람 글/최호정 그림/박구병,윤영휘 감수",전자책,
벌거벗은 세계사 04권 : 그리스 로마 신화와 역사의 만남,tvN 「벌거벗은 세계사」 제작진 기획/이현희 글/최호정 그림/김헌 감수,전자책,
벌거벗은 세계사 05권 : 마리 앙투아네트와 나폴레옹의 대격변,tvN 「벌거벗은 세계사」 제작진 기획/이현희 글/김우람 그림/조한욱 감수,전자책,
벌거벗은 세계사 06권 : 조선을 둘러싼 청일 전쟁과 러일 전쟁,"tvN 「벌거벗은 세계사」 제작진 기획/이현희 글/최호정 그림/최태성,서민교 감수",전자책,
벌거벗은 세계사 07권 : 새로운 나라 미국의 탄생과 위기 극복,tvN 「벌거벗은 세계사」 제작진 기획/김우람 글/최호정 그림/김봉중 감수,전자책,
벌거벗은 세계사 08권 : 지구를 뒤흔든 세계 대전과 냉전,"tvN 「벌거벗은 세계사」 제작진 기획/김우람 글/최호정 그림/류한수,서민교 감수",전자책,
벌거벗은 세계사 09권 : 인류 최악의 전염병과 바이러스,"tvN 「벌거벗은 세계사」 제작진 기획/이현희 글/최호정 그림/송대섭,장항석 감수",전자책,
벌거벗은 세계사 10권 : 세계의 화약고 서남아시아 분쟁,tvN 「벌거벗은 세계사」 제작진 기획/이현희 글/최호정 그림/박현도 감수,전자책,
벌거벗은 통계학,찰스 윌런 저/김명철 역,전자책,
벌거벗은 한국사 1,tvN STORY [벌거벗은 한국사] 제작진 기획/윤진숙 글/이효실 그림/김경수 감수,전자책,
벌거벗은 한국사 2,"tvN STORY [벌거벗은 한국사] 제작진 기획/박선주 글/이효실 그림/김지영,송웅섭 감수",전자책,
벌거벗은 한국사 3,tvN STORY [벌거벗은 한국사] 제작진 기획/이선영 글/이효실 그림/이상무 감수,전자책,
벌거벗은 한국사 4,"tvN STORY [벌거벗은 한국사] 제작진 기획/이선영 글/이효실 그림/노혜경,이민웅 감수",전자책,
벌거벗은 한국사 5,"tvN STORY [벌거벗은 한국사] 제작진 기획/박선주 글/이효실 그림/계승범,김경수,정해득 감수",전자책,
벌거벗은 한국사 6,"tvN STORY [벌거벗은 한국사] 제작진 기획/윤진숙 글/이효실 그림/이도학,임기환 감수",전자책,
벌거벗은 한국사 7,tvN STORY [벌거벗은 한국사] 제작진 기획/윤진숙 글/이효실 그림/임기환 감수,전자책,
벌거벗은 한국사 8,"tvN STORY [벌거벗은 한국사] 제작진 기획/이선영 글/이효실 그림/박재우,이명미 감수",전자책,
벌거벗은 한국사 9,"tvN STORY [벌거벗은 한국사] 제작진 기획/이선영 글/이효실 그림/홍문기,김현철 감수",전자책,
벌거벗은 한국사 : 고려편,tvN STORY 〈벌거벗은 한국사〉 제작팀 저,전자책,
벌거벗은 한국사 : 근현대편,tvN STORY 〈벌거벗은 한국사〉 제작팀 저,전자책,
벌거벗은 한국사 : 사건편,tvN STORY 〈벌거벗은 한국사〉 제작팀 저,전자책,
벌거벗은 한국사 : 영웅편,tvN STORY 〈벌거벗은 한국사〉 제작팀 저,전자책,
벌거벗은 한국사 : 조선편,tvN STORY 〈벌거벗은 한국사〉 제작팀 저,전자책,
"사는 게 고통일 때, 쇼펜하우어",박찬국 저,전자책,
사슴 초판본 (현대어판),백석 저,전자책,
삶이라는 완벽한 농담,이경규 저,전자책,
신도 주사위 놀이를 한다,이언 스튜어트 저/장영재 역,전자책,
아홉 켤레의 구두로 남은 사내,윤흥길 저,전자책,
어떻게 극단적 소수가 다수를 지배하는가,"대니얼 지블랫,스티븐 레비츠키 저",전자책,
어떻게 민주주의는 무너지는가,"스티븐 레비츠키,대니얼 지블랫 공저",전자책,
왜 아플까,벤자민 빅먼 저/황성혁 감수/이영래 역,전자책,
의사가 말하는 의사 (부키 전문직 리포트 3),김선 등저,전자책,
의사가 말하는 의사 Episode 2,이현석 등저,전자책,
이토록 평범한 미래,김연수 저,전자책,
일곱 해의 마지막,김연수 저,전자책,
천천히 조금씩 너만의 시간을 살아가,유지별이 저,전자책,
프로파일러 표창원의 사건 추적,표창원 저,전자책,
한 번 읽으면 절대 잊을 수 없는 지리 교과서,야마사키 케이치 저/김아람 역,전자책,
AI 최강의 수업,김진형 저,전자책,
[단독] 스토너 초판본,존 윌리엄스 저/김승욱 역,전자책,
가녀장의 시대,이슬아 저,전자책,
감옥으로부터의 사색 [제3판],신영복 저,전자책,
고요한 우연,김수빈 저,전자책,
곰의 부탁 - 문학동네청소년 49,진형민 저,전자책,
공간과 장소,"이-푸 투안 저/윤영호,김미선 공역",전자책,
공학의 눈으로 미래를 설계하라,연세대학교 공과대학 저,전자책,
날씨와 얼굴,이슬아 저,전자책,
납작하고 투명한 사람들,백세희 저,전자책,
내가 너의 첫문장이었을 때,"김민섭,김혼비,남궁인,문보영,오은,이은정,정지우 공저",전자책,
드디어 팔리기 시작했다,안성은(Brand Boy) 저,전자책,
떨림과 울림,김상욱 저,전자책,
마음은 단단하게 인생은 유연하게,정두영 저,전자책,
맛의 원리,최낙언 저,전자책,
매우 예민한 사람들을 위한 책,전홍진 저,전자책,
모두의 인공지능 기초 수학,서지영 저,전자책,
문과 남자의 과학 공부,유시민 저,전자책,
미적분의 쓸모,한화택 저,전자책,
바깥은 여름,김애란 저,전자책,
배움의 조건,유성상 저,전자책,
사기열전 (상),사마천 저/송도진 역,전자책,
사기열전 (하),사마천 저/송도진 역,전자책,
사회학의 핵심 개념들,"앤서니 기든스,필립 W. 서튼 공저/김봉석 역",전자책,
상처로 숨 쉬는 법,김진영 저,전자책,
세계 심리학 필독서 30,사토 다쓰야 저/박재영 역,전자책,
세계를 바꾼 아홉 가지 단어,한국철학사상연구회 저,전자책,
세계사를 바꾼 13가지 식물,이나가키 히데히로 저/서수지 역,전자책,
세상은 이야기로 만들어졌다,"자미라 엘 우아실,프리데만 카릭 공저/김현정 역",전자책,
수소 자원 혁명,마르코 알베라 저/김종명 역,전자책,
수학의 쓸모,"닉 폴슨,제임스 스콧 공저/노태복 역",전자책,
스마트 세상을 여는 산업공학,대한산업공학회 저,전자책,
썸 타는 천문대,지웅배 저,전자책,
알고 보면 재미나는 전기자기학,"박승범,이창효 공저",전자책,
열다섯에 곰이라니,추정경 저,전자책,
오늘의 법정을 열겠습니다,허승 저,전자책,
지리 대전,"로버트 D. 캐플런 저/김용민,최난경 역",전자책,
처음 읽는 2차전지 이야기,시라이시 다쿠 저/이인호 역/한치환 감수,전자책,
청소년을 위한 경제학 에세이,한진수 저,전자책,
청소년을 위한 행동경제학 에세이,한진수 저,전자책,
탄소중립,"김용환,김진영,방인철,서용원,윤의성,이명인,임한권 공저",전자책,
화학에서 인생을 배우다,황영애 저,전자책,
SKY 대입논술 뽀개기 서양고전편 1,디아스포라 편집부 저,전자책,
[단독]기분을 관리하면 인생이 관리된다,김다슬 저,전자책,
가재가 노래하는 곳,델리아 오언스 저/김선형 역,전자책,
감정 어휘,유선경 저,전자책,
감정은 어떻게 만들어지는가?,리사 펠드먼 배럿 저/최호영 역,전자책,
거짓말로 배우는 10대들의 경제학,권재원 저,전자책,
검찰수사관 바이블,김태욱 저,전자책,
게으른 완벽주의자를 위한 심리학,헤이든 핀치 저/이은정 역,전자책,
게임의 사회학,이은조 저,전자책,
과거가 남긴 우울 미래가 보낸 불안,김아라 저,전자책,
과학자의 서재,최재천 저,전자책,
규칙 없음,"리드 헤이스팅스,에린 마이어 저/이경남 역",전자책,
기분이 태도가 되지 않게 (에스더버니 에디션),레몬심리 저/박영란 역,전자책,
나는 죽을 때까지 재미있게 살고 싶다,이근후 저/김선경 편,전자책,
나를 찾는 심리 탐구서,박진영 글/이고은 그림,전자책,
남자 주인공에겐 없다,듀나 저 저,전자책,
내 마음은 존버 중입니다,웰시 글그림,전자책,
내 문장이 그렇게 이상한가요?,김정선 저,전자책,
내가 알고 있는 걸 당신도 알게 된다면 (리커버 에디션),칼 필레머 저/박여진 역,전자책,
내가 유전자를 고를 수 있다면,예병일 저,전자책,
내면소통,김주환 저,전자책,
뉴욕 정신과 의사의 사람 도서관,나종호 저,전자책,
달러구트 꿈 백화점 : 잠들어야만 입장 가능합니다,이미예 저,전자책,
대입 인문 논술의 step,임하나 저,전자책,
더 잘 검색되고 더 정확히 도달되는 유튜브 상위 노출의 모든 것 (무료 특별판),"민진홍, 최규문 지음 저",전자책,
덕후 여자 넷이 한집에 삽니다,후지타니 지아키 저/이경은 역,전자책,
덕후와 철학자들,차민주 저,전자책,
데일 카네기 인간관계론,데일 카네기 저/임상훈 역,전자책,
데일 카네기 자기관리론,데일 카네기 저/임상훈 역,전자책,
도둑맞은 집중력,요한 하리 저/김하현 역,전자책,
도파민네이션,애나 렘키 저/김두완 역,전자책,
돈의 심리학,모건 하우절 저/이지연 역 저,전자책,
두 번째 지구는 없다,타일러 라쉬 저/이영란 감수,전자책,
"딸아, 돈 공부 절대 미루지 마라",박소연 저,전자책,
마음챙김의 시,류시화 편,전자책,
만일 내가 인생을 다시 산다면 (10만 부 기념 스페셜 에디션),김혜남 저,전자책,
말 그릇,김윤나 저,전자책,
메리골드 마음 세탁소,윤정은 저,전자책,
묘사의 힘,샌드라 거스 저/지여울 역,전자책,
무기력이 무기력해지도록,한창수 저,전자책,
미궁,나카무라 후미노리 저/양윤옥 역,전자책,
바다가 들리는 편의점,마치다 소노코 저/황국영 역,전자책,
반도체 애널리스트의 리서치 습관,김경민 저,전자책,
보이지 않는 중국,"스콧 로젤,내털리 헬 저/박민희 역",전자책,
봉제인형 살인사건,다니엘 콜 저/유혜인 역,전자책,
부의 추월차선 (10주년 스페셜 에디션),엠제이 드마코 저/신소영 역,전자책,
불편한 편의점,김호연 저,전자책,
불편한 편의점 2,김호연 저,전자책,
사랑의 기술 (개정판),에리히 프롬 저/황문수 역,전자책,
삼국지 원전 완역판 세트,나관중 원저/요시카와 에이지 편저/바른번역 역,전자책,
생각의 힘을 길러주는 우리 신화 읽기,"신홍엽,이임정,정은해,최혜정 공저",전자책,
"생각이 많아 우울한 걸까, 우울해서 생각이 많은 걸까?",피아 칼리슨 저/이현주 역,전자책,
생각한다는 착각,닉 채터 저/김문주 역,전자책,
서울대 수석은 이렇게 공부합니다,김태훈 저,전자책,
세계를 품은 외교관 : 외교관을 꿈꾸는 이들을 위한 스토리 가이드북,민동석 저,전자책,
"수학, 인문으로 수를 읽다",이광연 저,전자책,
수학을 잘하고 싶어졌습니다,서준석 저,전자책,
쉽게 읽는 북학의,박제가 저/안대회 편역,전자책,
시간을 파는 상점,김선영 저,전자책,
신경 끄기 연습,나이토 요시히토 저/김한나 역,전자책,
아비투스,도리스 메르틴 저/배명자 역,전자책,
악인론,손수현 저,전자책,
언어를 디자인하라,"유영만,박용후 공저",전자책,
여자 주인공만 모른다,듀나 저,전자책,
역사를 질문하는 역사 1 전근대 한국사,김선진 저,전자책,
역행자 확장판,자청 저,전자책,
영화를 빨리 감기로 보는 사람들,이나다 도요시 저/황미숙 역,전자책,
"오늘 밤, 세계에서 이 눈물이 사라진다 해도",이치조 미사키 저/김윤경 역,전자책,
왜 나는 너를 사랑하는가(70만 부 기념 리커버),알랭 드 보통 저,전자책,
요즘 어른을 위한 최소한의 맞춤법,이주윤 저,전자책,
우리가 빛의 속도로 갈 수 없다면,김초엽 저,전자책,
유현준의 인문 건축 기행,유현준 저,전자책,
이끼숲,천선란 저,전자책,
이상 - 날개,이 상 저,전자책,
이어령의 마지막 수업,"김지수,이어령 저",전자책,
인생 수업,"엘리자베스 퀴블러 로스,데이비드 케슬러 공저/류시화 역",전자책,
"인스타리드 재레드 다이아몬드의 총, 균, 쇠",인스타리드 저,전자책,
자본론,칼 마르크스 저/손청설 편,전자책,
자존감 수업,윤홍균 저,전자책,
잘될 수밖에 없는 너에게,최서영 저,전자책,
잠깐! 이게 다 인권 문제라고요?,"김도현,박상욱,박진숙,양지혜,오찬호,한채윤 공저",전자책,
저 별은 모두 당신을 위해 빛나고 있다,손힘찬 저,전자책,
정지용을 읽다,전국국어교사모임 저,전자책,
조국의 법고전 산책,조국 저,전자책,
종말 하나만 막고 올게,임태운 저,전자책,
지적 대화를 위한 넓고 얕은 지식 2,채사장 저,전자책,
짧은 소설 쓰는 법,이문영 저,전자책,
천 원으로 시작하는 10대들의 경제학,김영옥 저,전자책,
철학은 어떻게 삶의 무기가 되는가,야마구치 슈 저/김윤경 역,전자책,
청년 주부 구운몽,강선우 저,전자책,
체크메이트  - 수능 국어 만점자의 어떤 지문이 나와도  막힘없이 풀 수 있는  수능 국어 승리의 기술,초령(윤예원) 저,전자책,
"칵테일, 러브, 좀비",조예은 저,전자책,
타인의 마음,"김경일,사피엔스 스튜디오 저",전자책,
프레임,최인철 저,전자책,
플라톤이 들려주는 이데아 이야기 - 철학자가 들려주는 철학 이야기 001,서정욱 저,전자책,
필수교양 주유소,장마리 니콜,전자책,
한국 소설이 좋아서 2,30인 저,전자책,
헤어질 결심 각본,"정서경,박찬욱 공저",전자책,
현대사상 입문,지바 마사야 저/김상운 역,전자책,
혹시 MBTI가 어떻게 되세요?,"정대건,임현석,서고운,이유리,이서수,김화진 저",전자책,
회복탄력성 (리커버),김주환 저,전자책,
효기심의 권력으로 읽는 세계사 - 유럽편,효기심 저,전자책,
희망대화,이케다 다이사쿠(池田大作)  저,전자책,
"10대에 패션계에서 일하고 싶은 나, 어떻게 할까?",로라 드카루펠 글/제프 쿨락 그림/신인수 역,전자책,
2023 한국어능력시험 TOPIK 1(토픽 1) 한 번에 통과하기(초급) + 무료 동영상,"한국어능력시험연구회,임준 저",전자책,
50개의 키워드로 읽는 자본주의 이야기,김민주 저 저,전자책,
E=mc²,데이비드 보더니스 저/김희봉 역,전자책,
THE GOAL (더골 1) - 30주년 기념 개정판 번역본,"엘리 골드렛,제프 콕스 공저/강승덕,김일운,김효 공역/정재승 해제",전자책,
개인적인 체험,오에 겐자부로 저/서은혜 역,전자책,
거의 모든 것의 역사 (개역판),빌 브라이슨 저/이덕환 역,전자책,
공리주의,존 스튜어트 밀 저/이종인 역,전자책,
과학혁명의 구조,"토머스 S. 쿤 저/김명자,홍성욱 공역",전자책,
구본준의 마음을 품은 집,구본준 저,전자책,
국화와 칼 (개정판),"루스 베네딕트 저/김윤식,오인석 공역",전자책,
그림 속 경제학,문소영 저,전자책,
"꿈의해석, 감춰진 인간 정신의 숨은그림찾기",안병웅 저,전자책,
나는 대한민국의 교사다,조벽 저,전자책,
나는 중국에서 자본주의를 만났다,신동원 저,전자책,
나무야 나무야,신영복 저,전자책,
넛지: 파이널 에디션,"리처드 탈러,캐스 선스타인 저/최정규 감수/이경식 역",전자책,
느낌의 진화,"안토니오 다마지오 저/임지원,고현석 공역",전자책,
니코마코스 윤리학,아리스토텔레스 저/박문재 역 저,전자책,
다시 기자로 산다는 것,문정우 등저,전자책,
대통령의 글쓰기,강원국 저,전자책,
대한민국사 1,한홍구 저,전자책,
대한민국사 2,한홍구 저,전자책,
대한민국사 3,한홍구 저,전자책,
대한민국사 4,한홍구 저,전자책,
"두근두근 십 대, 나만의 방식으로 세상을 만나다!","김국태,김기용,김영연 등저",전자책,
땅속에서 과학이 숨쉰다,장순근,전자책,
라이엘이 들려주는 지질 조사 이야기 (개정판),이한조 글,전자책,
렉서스와 올리브나무,토마스 프리드먼 저/장경덕 역,전자책,
로봇의 부상,마틴 포드 저/이창희 역,전자책,
매혹하는 식물의 뇌,"스테파노 만쿠소,알레산드라 비올라 공저/양병찬 역",전자책,
멋진 신세계,올더스 헉슬리 저/안정효 역,전자책,
미술관에 간 화학자,전창림 저,전자책,
바보 빅터,"호아킴 데 포사다,레이먼드 조 공저",전자책,
백석 시전집 초판본,백석 저/이동순 편,전자책,
보이지 않는 지구의 주인 미생물,오태광 저,전자책,
북극곰은 걷고 싶다,남종영 저,전자책,
비폭력대화,마셜 B. 로젠버그 저/캐서린 한 역,전자책,
"빅데이터, 승리의 과학",고한석 저,전자책,
빅데이터가 만드는 제4차 산업혁명,김진호 저,전자책,
상상 오디세이,"최재천,SBS 디지털포럼 사무국 공저",전자책,
새로운 세대를 위한 사기,사마천 원저/김원중 편역,전자책,
생명과 약의 연결고리,김성훈 저,전자책,
생명이란 무엇인가,폴 너스 저/이한음 역,전자책,
서머힐 : 어린이가 진정으로 행복한 학교,A. S. 니일 저/손정수 역,전자책,
세상의 마지막 기차역,무라세 다케시 저/김지연 역,전자책,
십 대가 알아야 할 인공지능과 4차 산업혁명의 미래,전승민 저,전자책,
십 대를 위한 영화 속 과학 인문학 여행,최원석 저,전자책,
"십대, 나에대한 공부가 필요해",전진우 저,전자책,
와이 넛지?,캐스 R. 선스타인 저/박세연 역,전자책,
일상적이지만 절대적인 생활 속 수학 지식 100,존 D. 배로 저/전대호 역,전자책,
재미있는 영어 인문학 이야기 1,강준만 저,전자책,
하리하라의 사이언스 인사이드 1,이은희 저,전자책,
한국사를 움직인 100인,"윤재운, 장희흥 저",전자책,
